event_id,user_id,event_time,event_date,session_id,event_name,feature
E000157,U0008,2026-01-05 08:00:00,2026-01-05,,signed_up,
E000862,U0048,2026-01-05 08:00:00,2026-01-05,,signed_up,
E002223,U0114,2026-01-05 08:00:00,2026-01-05,,signed_up,
E000158,U0008,2026-01-05 09:01:00,2026-01-05,U0008-000,session_started,
E000159,U0008,2026-01-05 09:03:00,2026-01-05,U0008-000,project_created,
E000160,U0008,2026-01-05 09:04:00,2026-01-05,U0008-000,lesson_started,
E002224,U0114,2026-01-05 09:04:00,2026-01-05,U0114-000,session_started,
E002225,U0114,2026-01-05 09:07:00,2026-01-05,U0114-000,lesson_started,
E000161,U0008,2026-01-05 09:09:00,2026-01-05,U0008-000,lesson_completed,
E000162,U0008,2026-01-05 09:18:00,2026-01-05,U0008-000,feature_used,collaboration
E000863,U0048,2026-01-05 09:24:00,2026-01-05,U0048-000,session_started,
E000864,U0048,2026-01-05 09:27:00,2026-01-05,U0048-000,lesson_started,
E000068,U0005,2026-01-06 08:00:00,2026-01-06,,signed_up,
E001633,U0086,2026-01-06 08:00:00,2026-01-06,,signed_up,
E002226,U0114,2026-01-06 09:06:00,2026-01-06,U0114-001,session_started,
E002227,U0114,2026-01-06 09:08:00,2026-01-06,U0114-001,project_created,
E001634,U0086,2026-01-06 09:09:00,2026-01-06,U0086-000,session_started,
E002228,U0114,2026-01-06 09:09:00,2026-01-06,U0114-001,lesson_started,
E001635,U0086,2026-01-06 09:11:00,2026-01-06,U0086-000,project_created,
E001636,U0086,2026-01-06 09:12:00,2026-01-06,U0086-000,lesson_started,
E002229,U0114,2026-01-06 09:14:00,2026-01-06,U0114-001,lesson_completed,
E002230,U0114,2026-01-06 09:22:00,2026-01-06,U0114-001,feature_used,progress_tracker
E001637,U0086,2026-01-06 09:24:00,2026-01-06,U0086-000,feature_used,template_library
E001638,U0086,2026-01-06 09:25:00,2026-01-06,U0086-000,feature_used,progress_tracker
E001639,U0086,2026-01-06 09:26:00,2026-01-06,U0086-000,feature_used,collaboration
E000069,U0005,2026-01-06 09:49:00,2026-01-06,U0005-000,session_started,
E000070,U0005,2026-01-06 09:52:00,2026-01-06,U0005-000,lesson_started,
E000071,U0005,2026-01-06 10:05:00,2026-01-06,U0005-000,feature_used,progress_tracker
E000040,U0004,2026-01-08 08:00:00,2026-01-08,,signed_up,
E000575,U0030,2026-01-08 08:00:00,2026-01-08,,signed_up,
E001080,U0060,2026-01-08 08:00:00,2026-01-08,,signed_up,
E002269,U0117,2026-01-08 08:00:00,2026-01-08,,signed_up,
E000072,U0005,2026-01-08 09:31:00,2026-01-08,U0005-002,session_started,
E000073,U0005,2026-01-08 09:33:00,2026-01-08,U0005-002,project_created,
E000074,U0005,2026-01-08 09:34:00,2026-01-08,U0005-002,lesson_started,
E002270,U0117,2026-01-08 09:38:00,2026-01-08,U0117-000,session_started,
E002271,U0117,2026-01-08 09:40:00,2026-01-08,U0117-000,project_created,
E002272,U0117,2026-01-08 09:41:00,2026-01-08,U0117-000,lesson_started,
E000075,U0005,2026-01-08 09:46:00,2026-01-08,U0005-002,feature_used,template_library
E000576,U0030,2026-01-08 09:48:00,2026-01-08,U0030-000,session_started,
E000577,U0030,2026-01-08 09:50:00,2026-01-08,U0030-000,project_created,
E000578,U0030,2026-01-08 09:51:00,2026-01-08,U0030-000,lesson_started,
E001081,U0060,2026-01-08 09:54:00,2026-01-08,U0060-000,session_started,
E002273,U0117,2026-01-08 09:54:00,2026-01-08,U0117-000,feature_used,progress_tracker
E002274,U0117,2026-01-08 09:55:00,2026-01-08,U0117-000,feature_used,collaboration
E000041,U0004,2026-01-08 09:56:00,2026-01-08,U0004-000,session_started,
E001082,U0060,2026-01-08 09:57:00,2026-01-08,U0060-000,lesson_started,
E000042,U0004,2026-01-08 09:59:00,2026-01-08,U0004-000,lesson_started,
E000579,U0030,2026-01-08 10:03:00,2026-01-08,U0030-000,feature_used,template_library
E001083,U0060,2026-01-08 10:09:00,2026-01-08,U0060-000,feature_used,template_library
E001084,U0060,2026-01-08 10:10:00,2026-01-08,U0060-000,feature_used,progress_tracker
E000043,U0004,2026-01-08 10:11:00,2026-01-08,U0004-000,feature_used,template_library
E000044,U0004,2026-01-08 10:12:00,2026-01-08,U0004-000,feature_used,progress_tracker
E001257,U0067,2026-01-09 08:00:00,2026-01-09,,signed_up,
E001258,U0067,2026-01-09 09:02:00,2026-01-09,U0067-000,session_started,
E001259,U0067,2026-01-09 09:05:00,2026-01-09,U0067-000,lesson_started,
E001085,U0060,2026-01-09 09:39:00,2026-01-09,U0060-001,session_started,
E001086,U0060,2026-01-09 09:41:00,2026-01-09,U0060-001,project_created,
E001087,U0060,2026-01-09 09:42:00,2026-01-09,U0060-001,lesson_started,
E001088,U0060,2026-01-09 09:55:00,2026-01-09,U0060-001,feature_used,progress_tracker
E000119,U0006,2026-01-10 08:00:00,2026-01-10,,signed_up,
E001640,U0086,2026-01-10 09:02:00,2026-01-10,U0086-004,session_started,
E001641,U0086,2026-01-10 09:05:00,2026-01-10,U0086-004,lesson_started,
E000120,U0006,2026-01-10 09:09:00,2026-01-10,U0006-000,session_started,
E000121,U0006,2026-01-10 09:12:00,2026-01-10,U0006-000,lesson_started,
E001642,U0086,2026-01-10 09:17:00,2026-01-10,U0086-004,feature_used,template_library
E001089,U0060,2026-01-10 09:56:00,2026-01-10,U0060-002,session_started,
E001090,U0060,2026-01-10 09:59:00,2026-01-10,U0060-002,lesson_started,
E001091,U0060,2026-01-10 10:11:00,2026-01-10,U0060-002,feature_used,template_library
E000013,U0002,2026-01-11 08:00:00,2026-01-11,,signed_up,
E000027,U0003,2026-01-11 08:00:00,2026-01-11,,signed_up,
E000657,U0035,2026-01-11 08:00:00,2026-01-11,,signed_up,
E001011,U0057,2026-01-11 08:00:00,2026-01-11,,signed_up,
E001465,U0079,2026-01-11 08:00:00,2026-01-11,,signed_up,
E001643,U0086,2026-01-11 09:03:00,2026-01-11,U0086-005,session_started,
E001012,U0057,2026-01-11 09:05:00,2026-01-11,U0057-000,session_started,
E001644,U0086,2026-01-11 09:06:00,2026-01-11,U0086-005,lesson_started,
E001013,U0057,2026-01-11 09:08:00,2026-01-11,U0057-000,lesson_started,
E001645,U0086,2026-01-11 09:18:00,2026-01-11,U0086-005,feature_used,template_library
E001014,U0057,2026-01-11 09:20:00,2026-01-11,U0057-000,feature_used,template_library
E001015,U0057,2026-01-11 09:22:00,2026-01-11,U0057-000,feature_used,collaboration
E000045,U0004,2026-01-11 09:26:00,2026-01-11,U0004-003,session_started,
E000046,U0004,2026-01-11 09:29:00,2026-01-11,U0004-003,lesson_started,
E001466,U0079,2026-01-11 09:31:00,2026-01-11,U0079-000,session_started,
E001467,U0079,2026-01-11 09:33:00,2026-01-11,U0079-000,project_created,
E000028,U0003,2026-01-11 09:34:00,2026-01-11,U0003-000,session_started,
E001468,U0079,2026-01-11 09:34:00,2026-01-11,U0079-000,lesson_started,
E000029,U0003,2026-01-11 09:37:00,2026-01-11,U0003-000,lesson_started,
E000658,U0035,2026-01-11 09:38:00,2026-01-11,U0035-000,session_started,
E001469,U0079,2026-01-11 09:39:00,2026-01-11,U0079-000,lesson_completed,
E000659,U0035,2026-01-11 09:41:00,2026-01-11,U0035-000,lesson_started,
E000047,U0004,2026-01-11 09:42:00,2026-01-11,U0004-003,feature_used,progress_tracker
E000030,U0003,2026-01-11 09:49:00,2026-01-11,U0003-000,feature_used,template_library
E000660,U0035,2026-01-11 09:53:00,2026-01-11,U0035-000,feature_used,template_library
E000661,U0035,2026-01-11 09:54:00,2026-01-11,U0035-000,feature_used,progress_tracker
E000014,U0002,2026-01-11 09:55:00,2026-01-11,U0002-000,session_started,
E000015,U0002,2026-01-11 09:57:00,2026-01-11,U0002-000,project_created,
E000016,U0002,2026-01-11 09:58:00,2026-01-11,U0002-000,lesson_started,
E000017,U0002,2026-01-11 10:10:00,2026-01-11,U0002-000,feature_used,template_library
E000018,U0002,2026-01-11 10:11:00,2026-01-11,U0002-000,feature_used,progress_tracker
E000632,U0033,2026-01-12 08:00:00,2026-01-12,,signed_up,
E001470,U0079,2026-01-12 09:31:00,2026-01-12,U0079-001,session_started,
E001471,U0079,2026-01-12 09:34:00,2026-01-12,U0079-001,lesson_started,
E000633,U0033,2026-01-12 09:46:00,2026-01-12,U0033-000,session_started,
E001472,U0079,2026-01-12 09:47:00,2026-01-12,U0079-001,feature_used,progress_tracker
E000634,U0033,2026-01-12 09:49:00,2026-01-12,U0033-000,lesson_started,
E000076,U0005,2026-01-12 09:52:00,2026-01-12,U0005-006,session_started,
E000077,U0005,2026-01-12 09:55:00,2026-01-12,U0005-006,lesson_started,
E000078,U0005,2026-01-12 10:07:00,2026-01-12,U0005-006,feature_used,template_library
E000079,U0005,2026-01-12 10:08:00,2026-01-12,U0005-006,feature_used,progress_tracker
E000447,U0023,2026-01-13 08:00:00,2026-01-13,,signed_up,
E000533,U0028,2026-01-13 08:00:00,2026-01-13,,signed_up,
E002278,U0118,2026-01-13 08:00:00,2026-01-13,,signed_up,
E000865,U0048,2026-01-13 09:14:00,2026-01-13,U0048-008,session_started,
E000048,U0004,2026-01-13 09:16:00,2026-01-13,U0004-005,session_started,
E000866,U0048,2026-01-13 09:17:00,2026-01-13,U0048-008,lesson_started,
E000049,U0004,2026-01-13 09:18:00,2026-01-13,U0004-005,project_created,
E000050,U0004,2026-01-13 09:19:00,2026-01-13,U0004-005,lesson_started,
E000534,U0028,2026-01-13 09:23:00,2026-01-13,U0028-000,session_started,
E000051,U0004,2026-01-13 09:24:00,2026-01-13,U0004-005,lesson_completed,
E000535,U0028,2026-01-13 09:26:00,2026-01-13,U0028-000,lesson_started,
E000867,U0048,2026-01-13 09:29:00,2026-01-13,U0048-008,feature_used,template_library
E000868,U0048,2026-01-13 09:30:00,2026-01-13,U0048-008,feature_used,progress_tracker
E000052,U0004,2026-01-13 09:31:00,2026-01-13,U0004-005,feature_used,template_library
E000053,U0004,2026-01-13 09:32:00,2026-01-13,U0004-005,feature_used,progress_tracker
E000662,U0035,2026-01-13 09:32:00,2026-01-13,U0035-002,session_started,
E002279,U0118,2026-01-13 09:32:00,2026-01-13,U0118-000,session_started,
E000663,U0035,2026-01-13 09:35:00,2026-01-13,U0035-002,lesson_started,
E002280,U0118,2026-01-13 09:35:00,2026-01-13,U0118-000,lesson_started,
E000536,U0028,2026-01-13 09:38:00,2026-01-13,U0028-000,feature_used,template_library
E000664,U0035,2026-01-13 09:47:00,2026-01-13,U0035-002,feature_used,template_library
E002281,U0118,2026-01-13 09:47:00,2026-01-13,U0118-000,feature_used,template_library
E000448,U0023,2026-01-13 09:59:00,2026-01-13,U0023-000,session_started,
E000449,U0023,2026-01-13 10:01:00,2026-01-13,U0023-000,project_created,
E000450,U0023,2026-01-13 10:02:00,2026-01-13,U0023-000,lesson_started,
E000451,U0023,2026-01-13 10:07:00,2026-01-13,U0023-000,lesson_completed,
E000452,U0023,2026-01-13 10:15:00,2026-01-13,U0023-000,feature_used,progress_tracker
E000291,U0015,2026-01-14 08:00:00,2026-01-14,,signed_up,
E000986,U0055,2026-01-14 08:00:00,2026-01-14,,signed_up,
E001110,U0061,2026-01-14 08:00:00,2026-01-14,,signed_up,
E002257,U0116,2026-01-14 08:00:00,2026-01-14,,signed_up,
E002301,U0120,2026-01-14 08:00:00,2026-01-14,,signed_up,
E002302,U0120,2026-01-14 09:23:00,2026-01-14,U0120-000,session_started,
E001111,U0061,2026-01-14 09:25:00,2026-01-14,U0061-000,session_started,
E002303,U0120,2026-01-14 09:25:00,2026-01-14,U0120-000,project_created,
E000987,U0055,2026-01-14 09:26:00,2026-01-14,U0055-000,session_started,
E002304,U0120,2026-01-14 09:26:00,2026-01-14,U0120-000,lesson_started,
E001112,U0061,2026-01-14 09:28:00,2026-01-14,U0061-000,lesson_started,
E000988,U0055,2026-01-14 09:29:00,2026-01-14,U0055-000,lesson_started,
E002305,U0120,2026-01-14 09:31:00,2026-01-14,U0120-000,lesson_completed,
E002306,U0120,2026-01-14 09:38:00,2026-01-14,U0120-000,feature_used,template_library
E002307,U0120,2026-01-14 09:39:00,2026-01-14,U0120-000,feature_used,progress_tracker
E002258,U0116,2026-01-14 09:47:00,2026-01-14,U0116-000,session_started,
E002259,U0116,2026-01-14 09:49:00,2026-01-14,U0116-000,project_created,
E002260,U0116,2026-01-14 09:50:00,2026-01-14,U0116-000,lesson_started,
E000292,U0015,2026-01-14 09:55:00,2026-01-14,U0015-000,session_started,
E000293,U0015,2026-01-14 09:58:00,2026-01-14,U0015-000,lesson_started,
E002261,U0116,2026-01-14 10:02:00,2026-01-14,U0116-000,feature_used,template_library
E002262,U0116,2026-01-14 10:03:00,2026-01-14,U0116-000,feature_used,progress_tracker
E000294,U0015,2026-01-14 10:10:00,2026-01-14,U0015-000,feature_used,template_library
E000411,U0021,2026-01-15 08:00:00,2026-01-15,,signed_up,
E000607,U0032,2026-01-15 08:00:00,2026-01-15,,signed_up,
E000933,U0052,2026-01-15 08:00:00,2026-01-15,,signed_up,
E000934,U0052,2026-01-15 09:11:00,2026-01-15,U0052-000,session_started,
E000935,U0052,2026-01-15 09:13:00,2026-01-15,U0052-000,project_created,
E000936,U0052,2026-01-15 09:14:00,2026-01-15,U0052-000,lesson_started,
E000937,U0052,2026-01-15 09:26:00,2026-01-15,U0052-000,feature_used,template_library
E000938,U0052,2026-01-15 09:27:00,2026-01-15,U0052-000,feature_used,progress_tracker
E000608,U0032,2026-01-15 09:46:00,2026-01-15,U0032-000,session_started,
E000080,U0005,2026-01-15 09:48:00,2026-01-15,U0005-009,session_started,
E000609,U0032,2026-01-15 09:48:00,2026-01-15,U0032-000,project_created,
E001113,U0061,2026-01-15 09:48:00,2026-01-15,U0061-001,session_started,
E000610,U0032,2026-01-15 09:49:00,2026-01-15,U0032-000,lesson_started,
E001114,U0061,2026-01-15 09:50:00,2026-01-15,U0061-001,project_created,
E000081,U0005,2026-01-15 09:51:00,2026-01-15,U0005-009,lesson_started,
E001115,U0061,2026-01-15 09:51:00,2026-01-15,U0061-001,lesson_started,
E000412,U0021,2026-01-15 09:59:00,2026-01-15,U0021-000,session_started,
E000611,U0032,2026-01-15 10:01:00,2026-01-15,U0032-000,feature_used,template_library
E000413,U0021,2026-01-15 10:02:00,2026-01-15,U0021-000,lesson_started,
E000082,U0005,2026-01-15 10:03:00,2026-01-15,U0005-009,feature_used,template_library
E001116,U0061,2026-01-15 10:03:00,2026-01-15,U0061-001,feature_used,template_library
E001117,U0061,2026-01-15 10:04:00,2026-01-15,U0061-001,feature_used,progress_tracker
E002152,U0111,2026-01-16 08:00:00,2026-01-16,,signed_up,
E001260,U0067,2026-01-16 09:01:00,2026-01-16,U0067-007,session_started,
E001261,U0067,2026-01-16 09:04:00,2026-01-16,U0067-007,lesson_started,
E001262,U0067,2026-01-16 09:16:00,2026-01-16,U0067-007,feature_used,template_library
E000083,U0005,2026-01-16 09:20:00,2026-01-16,U0005-010,session_started,
E000084,U0005,2026-01-16 09:23:00,2026-01-16,U0005-010,lesson_started,
E000537,U0028,2026-01-16 09:31:00,2026-01-16,U0028-003,session_started,
E000538,U0028,2026-01-16 09:34:00,2026-01-16,U0028-003,lesson_started,
E002153,U0111,2026-01-16 09:35:00,2026-01-16,U0111-000,session_started,
E000085,U0005,2026-01-16 09:36:00,2026-01-16,U0005-010,feature_used,progress_tracker
E002154,U0111,2026-01-16 09:38:00,2026-01-16,U0111-000,lesson_started,
E002155,U0111,2026-01-16 09:51:00,2026-01-16,U0111-000,feature_used,progress_tracker
E000564,U0029,2026-01-17 08:00:00,2026-01-17,,signed_up,
E001228,U0065,2026-01-17 08:00:00,2026-01-17,,signed_up,
E001560,U0083,2026-01-17 08:00:00,2026-01-17,,signed_up,
E001578,U0084,2026-01-17 08:00:00,2026-01-17,,signed_up,
E001561,U0083,2026-01-17 09:02:00,2026-01-17,U0083-000,session_started,
E001562,U0083,2026-01-17 09:04:00,2026-01-17,U0083-000,project_created,
E001563,U0083,2026-01-17 09:05:00,2026-01-17,U0083-000,lesson_started,
E001118,U0061,2026-01-17 09:08:00,2026-01-17,U0061-003,session_started,
E001119,U0061,2026-01-17 09:11:00,2026-01-17,U0061-003,lesson_started,
E001229,U0065,2026-01-17 09:11:00,2026-01-17,U0065-000,session_started,
E001230,U0065,2026-01-17 09:14:00,2026-01-17,U0065-000,lesson_started,
E002282,U0118,2026-01-17 09:15:00,2026-01-17,U0118-004,session_started,
E002283,U0118,2026-01-17 09:17:00,2026-01-17,U0118-004,project_created,
E001564,U0083,2026-01-17 09:18:00,2026-01-17,U0083-000,feature_used,progress_tracker
E002284,U0118,2026-01-17 09:18:00,2026-01-17,U0118-004,lesson_started,
E000565,U0029,2026-01-17 09:19:00,2026-01-17,U0029-000,session_started,
E000566,U0029,2026-01-17 09:21:00,2026-01-17,U0029-000,project_created,
E000567,U0029,2026-01-17 09:22:00,2026-01-17,U0029-000,lesson_started,
E001231,U0065,2026-01-17 09:26:00,2026-01-17,U0065-000,feature_used,template_library
E000568,U0029,2026-01-17 09:27:00,2026-01-17,U0029-000,lesson_completed,
E002285,U0118,2026-01-17 09:30:00,2026-01-17,U0118-004,feature_used,template_library
E001579,U0084,2026-01-17 09:58:00,2026-01-17,U0084-000,session_started,
E001580,U0084,2026-01-17 10:01:00,2026-01-17,U0084-000,lesson_started,
E001581,U0084,2026-01-17 10:13:00,2026-01-17,U0084-000,feature_used,template_library
E000665,U0035,2026-01-18 09:34:00,2026-01-18,U0035-007,session_started,
E000666,U0035,2026-01-18 09:37:00,2026-01-18,U0035-007,lesson_started,
E000612,U0032,2026-01-18 09:40:00,2026-01-18,U0032-003,session_started,
E000086,U0005,2026-01-18 09:43:00,2026-01-18,U0005-012,session_started,
E000613,U0032,2026-01-18 09:43:00,2026-01-18,U0032-003,lesson_started,
E000087,U0005,2026-01-18 09:46:00,2026-01-18,U0005-012,lesson_started,
E001016,U0057,2026-01-18 09:54:00,2026-01-18,U0057-007,session_started,
E001017,U0057,2026-01-18 09:56:00,2026-01-18,U0057-007,project_created,
E000614,U0032,2026-01-18 09:57:00,2026-01-18,U0032-003,feature_used,collaboration
E001018,U0057,2026-01-18 09:57:00,2026-01-18,U0057-007,lesson_started,
E000088,U0005,2026-01-18 09:58:00,2026-01-18,U0005-012,feature_used,template_library
E000089,U0005,2026-01-18 09:59:00,2026-01-18,U0005-012,feature_used,progress_tracker
E001037,U0058,2026-01-19 08:00:00,2026-01-19,,signed_up,
E001658,U0087,2026-01-19 08:00:00,2026-01-19,,signed_up,
E001659,U0087,2026-01-19 09:04:00,2026-01-19,U0087-000,session_started,
E001660,U0087,2026-01-19 09:07:00,2026-01-19,U0087-000,lesson_started,
E001038,U0058,2026-01-19 09:11:00,2026-01-19,U0058-000,session_started,
E001039,U0058,2026-01-19 09:14:00,2026-01-19,U0058-000,lesson_started,
E002156,U0111,2026-01-19 09:14:00,2026-01-19,U0111-003,session_started,
E002157,U0111,2026-01-19 09:16:00,2026-01-19,U0111-003,project_created,
E002158,U0111,2026-01-19 09:17:00,2026-01-19,U0111-003,lesson_started,
E001661,U0087,2026-01-19 09:19:00,2026-01-19,U0087-000,feature_used,template_library
E001092,U0060,2026-01-19 09:29:00,2026-01-19,U0060-011,session_started,
E002159,U0111,2026-01-19 09:30:00,2026-01-19,U0111-003,feature_used,progress_tracker
E001093,U0060,2026-01-19 09:32:00,2026-01-19,U0060-011,lesson_started,
E001094,U0060,2026-01-19 09:44:00,2026-01-19,U0060-011,feature_used,template_library
E001095,U0060,2026-01-19 09:45:00,2026-01-19,U0060-011,feature_used,progress_tracker
E000090,U0005,2026-01-19 09:48:00,2026-01-19,U0005-013,session_started,
E000091,U0005,2026-01-19 09:51:00,2026-01-19,U0005-013,lesson_started,
E000092,U0005,2026-01-19 09:56:00,2026-01-19,U0005-013,lesson_completed,
E000093,U0005,2026-01-19 10:03:00,2026-01-19,U0005-013,feature_used,template_library
E000259,U0013,2026-01-20 08:00:00,2026-01-20,,signed_up,
E001040,U0058,2026-01-20 09:06:00,2026-01-20,U0058-001,session_started,
E001041,U0058,2026-01-20 09:09:00,2026-01-20,U0058-001,lesson_started,
E001042,U0058,2026-01-20 09:21:00,2026-01-20,U0058-001,feature_used,template_library
E001043,U0058,2026-01-20 09:22:00,2026-01-20,U0058-001,feature_used,progress_tracker
E001044,U0058,2026-01-20 09:23:00,2026-01-20,U0058-001,feature_used,collaboration
E000260,U0013,2026-01-20 09:25:00,2026-01-20,U0013-000,session_started,
E000261,U0013,2026-01-20 09:28:00,2026-01-20,U0013-000,lesson_started,
E000094,U0005,2026-01-20 09:40:00,2026-01-20,U0005-014,session_started,
E000262,U0013,2026-01-20 09:40:00,2026-01-20,U0013-000,feature_used,template_library
E001232,U0065,2026-01-20 09:41:00,2026-01-20,U0065-003,session_started,
E000095,U0005,2026-01-20 09:43:00,2026-01-20,U0005-014,lesson_started,
E001233,U0065,2026-01-20 09:43:00,2026-01-20,U0065-003,project_created,
E001234,U0065,2026-01-20 09:44:00,2026-01-20,U0065-003,lesson_started,
E000096,U0005,2026-01-20 09:48:00,2026-01-20,U0005-014,lesson_completed,
E001120,U0061,2026-01-20 09:52:00,2026-01-20,U0061-006,session_started,
E000097,U0005,2026-01-20 09:55:00,2026-01-20,U0005-014,feature_used,template_library
E001121,U0061,2026-01-20 09:55:00,2026-01-20,U0061-006,lesson_started,
E002308,U0120,2026-01-20 09:55:00,2026-01-20,U0120-006,session_started,
E002309,U0120,2026-01-20 09:58:00,2026-01-20,U0120-006,lesson_started,
E001122,U0061,2026-01-20 10:00:00,2026-01-20,U0061-006,lesson_completed,
E002310,U0120,2026-01-20 10:11:00,2026-01-20,U0120-006,feature_used,progress_tracker
E000368,U0019,2026-01-21 08:00:00,2026-01-21,,signed_up,
E000837,U0046,2026-01-21 08:00:00,2026-01-21,,signed_up,
E001312,U0070,2026-01-21 08:00:00,2026-01-21,,signed_up,
E000163,U0008,2026-01-21 09:09:00,2026-01-21,U0008-016,session_started,
E000164,U0008,2026-01-21 09:12:00,2026-01-21,U0008-016,lesson_started,
E001019,U0057,2026-01-21 09:12:00,2026-01-21,U0057-010,session_started,
E001020,U0057,2026-01-21 09:15:00,2026-01-21,U0057-010,lesson_started,
E000165,U0008,2026-01-21 09:17:00,2026-01-21,U0008-016,lesson_completed,
E000939,U0052,2026-01-21 09:17:00,2026-01-21,U0052-006,session_started,
E000940,U0052,2026-01-21 09:20:00,2026-01-21,U0052-006,lesson_started,
E001021,U0057,2026-01-21 09:20:00,2026-01-21,U0057-010,lesson_completed,
E000369,U0019,2026-01-21 09:21:00,2026-01-21,U0019-000,session_started,
E000370,U0019,2026-01-21 09:23:00,2026-01-21,U0019-000,project_created,
E000371,U0019,2026-01-21 09:24:00,2026-01-21,U0019-000,lesson_started,
E000166,U0008,2026-01-21 09:26:00,2026-01-21,U0008-016,feature_used,collaboration
E000372,U0019,2026-01-21 09:29:00,2026-01-21,U0019-000,lesson_completed,
E001022,U0057,2026-01-21 09:29:00,2026-01-21,U0057-010,feature_used,collaboration
E001582,U0084,2026-01-21 09:35:00,2026-01-21,U0084-004,session_started,
E000373,U0019,2026-01-21 09:37:00,2026-01-21,U0019-000,feature_used,progress_tracker
E000838,U0046,2026-01-21 09:37:00,2026-01-21,U0046-000,session_started,
E001583,U0084,2026-01-21 09:37:00,2026-01-21,U0084-004,project_created,
E001584,U0084,2026-01-21 09:38:00,2026-01-21,U0084-004,lesson_started,
E001646,U0086,2026-01-21 09:38:00,2026-01-21,U0086-015,session_started,
E000839,U0046,2026-01-21 09:39:00,2026-01-21,U0046-000,project_created,
E000840,U0046,2026-01-21 09:40:00,2026-01-21,U0046-000,lesson_started,
E001647,U0086,2026-01-21 09:41:00,2026-01-21,U0086-015,lesson_started,
E001313,U0070,2026-01-21 09:43:00,2026-01-21,U0070-000,session_started,
E000580,U0030,2026-01-21 09:46:00,2026-01-21,U0030-013,session_started,
E001314,U0070,2026-01-21 09:46:00,2026-01-21,U0070-000,lesson_started,
E000581,U0030,2026-01-21 09:49:00,2026-01-21,U0030-013,lesson_started,
E001585,U0084,2026-01-21 09:51:00,2026-01-21,U0084-004,feature_used,progress_tracker
E000841,U0046,2026-01-21 09:52:00,2026-01-21,U0046-000,feature_used,template_library
E001586,U0084,2026-01-21 09:52:00,2026-01-21,U0084-004,feature_used,collaboration
E001648,U0086,2026-01-21 09:54:00,2026-01-21,U0086-015,feature_used,progress_tracker
E001315,U0070,2026-01-21 09:58:00,2026-01-21,U0070-000,feature_used,template_library
E000582,U0030,2026-01-21 10:02:00,2026-01-21,U0030-013,feature_used,progress_tracker
E000955,U0053,2026-01-22 08:00:00,2026-01-22,,signed_up,
E001123,U0061,2026-01-22 09:07:00,2026-01-22,U0061-008,session_started,
E001124,U0061,2026-01-22 09:10:00,2026-01-22,U0061-008,lesson_started,
E001125,U0061,2026-01-22 09:19:00,2026-01-22,U0061-008,project_shared,
E000989,U0055,2026-01-22 09:25:00,2026-01-22,U0055-008,session_started,
E000990,U0055,2026-01-22 09:28:00,2026-01-22,U0055-008,lesson_started,
E001023,U0057,2026-01-22 09:32:00,2026-01-22,U0057-011,session_started,
E001024,U0057,2026-01-22 09:35:00,2026-01-22,U0057-011,lesson_started,
E000956,U0053,2026-01-22 09:42:00,2026-01-22,U0053-000,session_started,
E000957,U0053,2026-01-22 09:45:00,2026-01-22,U0053-000,lesson_started,
E001025,U0057,2026-01-22 09:48:00,2026-01-22,U0057-011,feature_used,progress_tracker
E000958,U0053,2026-01-22 09:57:00,2026-01-22,U0053-000,feature_used,template_library
E000731,U0039,2026-01-23 08:00:00,2026-01-23,,signed_up,
E000732,U0039,2026-01-23 09:29:00,2026-01-23,U0039-000,session_started,
E000733,U0039,2026-01-23 09:31:00,2026-01-23,U0039-000,project_created,
E000734,U0039,2026-01-23 09:32:00,2026-01-23,U0039-000,lesson_started,
E001316,U0070,2026-01-23 09:42:00,2026-01-23,U0070-002,session_started,
E000735,U0039,2026-01-23 09:44:00,2026-01-23,U0039-000,feature_used,template_library
E001317,U0070,2026-01-23 09:44:00,2026-01-23,U0070-002,project_created,
E001318,U0070,2026-01-23 09:45:00,2026-01-23,U0070-002,lesson_started,
E001662,U0087,2026-01-23 09:47:00,2026-01-23,U0087-004,session_started,
E001319,U0070,2026-01-23 09:50:00,2026-01-23,U0070-002,lesson_completed,
E001663,U0087,2026-01-23 09:50:00,2026-01-23,U0087-004,lesson_started,
E001320,U0070,2026-01-23 09:54:00,2026-01-23,U0070-002,project_shared,
E000667,U0035,2026-01-23 09:56:00,2026-01-23,U0035-012,session_started,
E001321,U0070,2026-01-23 09:58:00,2026-01-23,U0070-002,feature_used,progress_tracker
E000668,U0035,2026-01-23 09:59:00,2026-01-23,U0035-012,lesson_started,
E001664,U0087,2026-01-23 10:02:00,2026-01-23,U0087-004,feature_used,template_library
E001768,U0091,2026-01-24 08:00:00,2026-01-24,,signed_up,
E000098,U0005,2026-01-24 09:07:00,2026-01-24,U0005-018,session_started,
E000099,U0005,2026-01-24 09:10:00,2026-01-24,U0005-018,lesson_started,
E001045,U0058,2026-01-24 09:11:00,2026-01-24,U0058-005,session_started,
E001769,U0091,2026-01-24 09:13:00,2026-01-24,U0091-000,session_started,
E001046,U0058,2026-01-24 09:14:00,2026-01-24,U0058-005,lesson_started,
E001473,U0079,2026-01-24 09:14:00,2026-01-24,U0079-013,session_started,
E000100,U0005,2026-01-24 09:15:00,2026-01-24,U0005-018,lesson_completed,
E001770,U0091,2026-01-24 09:16:00,2026-01-24,U0091-000,lesson_started,
E001474,U0079,2026-01-24 09:17:00,2026-01-24,U0079-013,lesson_started,
E001475,U0079,2026-01-24 09:22:00,2026-01-24,U0079-013,lesson_completed,
E000101,U0005,2026-01-24 09:23:00,2026-01-24,U0005-018,feature_used,progress_tracker
E001476,U0079,2026-01-24 09:26:00,2026-01-24,U0079-013,project_shared,
E001477,U0079,2026-01-24 09:29:00,2026-01-24,U0079-013,feature_used,template_library
E001478,U0079,2026-01-24 09:30:00,2026-01-24,U0079-013,feature_used,progress_tracker
E001771,U0091,2026-01-24 09:30:00,2026-01-24,U0091-000,feature_used,collaboration
E001587,U0084,2026-01-24 09:34:00,2026-01-24,U0084-007,session_started,
E001588,U0084,2026-01-24 09:37:00,2026-01-24,U0084-007,lesson_started,
E001589,U0084,2026-01-24 09:42:00,2026-01-24,U0084-007,lesson_completed,
E001590,U0084,2026-01-24 09:49:00,2026-01-24,U0084-007,feature_used,template_library
E001591,U0084,2026-01-24 09:50:00,2026-01-24,U0084-007,feature_used,progress_tracker
E000453,U0023,2026-01-24 09:57:00,2026-01-24,U0023-011,session_started,
E000454,U0023,2026-01-24 10:00:00,2026-01-24,U0023-011,lesson_started,
E000455,U0023,2026-01-24 10:05:00,2026-01-24,U0023-011,lesson_completed,
E000456,U0023,2026-01-24 10:12:00,2026-01-24,U0023-011,feature_used,template_library
E000457,U0023,2026-01-24 10:13:00,2026-01-24,U0023-011,feature_used,progress_tracker
E000801,U0044,2026-01-25 08:00:00,2026-01-25,,signed_up,
E001793,U0092,2026-01-25 08:00:00,2026-01-25,,signed_up,
E001975,U0102,2026-01-25 08:00:00,2026-01-25,,signed_up,
E002184,U0112,2026-01-25 08:00:00,2026-01-25,,signed_up,
E001976,U0102,2026-01-25 09:01:00,2026-01-25,U0102-000,session_started,
E001977,U0102,2026-01-25 09:04:00,2026-01-25,U0102-000,lesson_started,
E001322,U0070,2026-01-25 09:05:00,2026-01-25,U0070-004,session_started,
E001323,U0070,2026-01-25 09:08:00,2026-01-25,U0070-004,lesson_started,
E001324,U0070,2026-01-25 09:13:00,2026-01-25,U0070-004,lesson_completed,
E001978,U0102,2026-01-25 09:16:00,2026-01-25,U0102-000,feature_used,template_library
E000263,U0013,2026-01-25 09:18:00,2026-01-25,U0013-005,session_started,
E000264,U0013,2026-01-25 09:21:00,2026-01-25,U0013-005,lesson_started,
E001126,U0061,2026-01-25 09:27:00,2026-01-25,U0061-011,session_started,
E001127,U0061,2026-01-25 09:30:00,2026-01-25,U0061-011,lesson_started,
E001128,U0061,2026-01-25 09:43:00,2026-01-25,U0061-011,feature_used,progress_tracker
E002185,U0112,2026-01-25 09:43:00,2026-01-25,U0112-000,session_started,
E002186,U0112,2026-01-25 09:46:00,2026-01-25,U0112-000,lesson_started,
E000802,U0044,2026-01-25 09:49:00,2026-01-25,U0044-000,session_started,
E000803,U0044,2026-01-25 09:52:00,2026-01-25,U0044-000,lesson_started,
E001794,U0092,2026-01-25 09:57:00,2026-01-25,U0092-000,session_started,
E001795,U0092,2026-01-25 10:00:00,2026-01-25,U0092-000,lesson_started,
E000804,U0044,2026-01-25 10:04:00,2026-01-25,U0044-000,feature_used,template_library
E000805,U0044,2026-01-25 10:06:00,2026-01-25,U0044-000,feature_used,collaboration
E001796,U0092,2026-01-25 10:12:00,2026-01-25,U0092-000,feature_used,template_library
E001797,U0092,2026-01-25 10:13:00,2026-01-25,U0092-000,feature_used,progress_tracker
E001001,U0056,2026-01-26 08:00:00,2026-01-26,,signed_up,
E001338,U0071,2026-01-26 08:00:00,2026-01-26,,signed_up,
E001732,U0090,2026-01-26 08:00:00,2026-01-26,,signed_up,
E001878,U0096,2026-01-26 08:00:00,2026-01-26,,signed_up,
E002038,U0106,2026-01-26 08:00:00,2026-01-26,,signed_up,
E000869,U0048,2026-01-26 09:01:00,2026-01-26,U0048-021,session_started,
E001733,U0090,2026-01-26 09:02:00,2026-01-26,U0090-000,session_started,
E000870,U0048,2026-01-26 09:04:00,2026-01-26,U0048-021,lesson_started,
E001734,U0090,2026-01-26 09:04:00,2026-01-26,U0090-000,project_created,
E001735,U0090,2026-01-26 09:05:00,2026-01-26,U0090-000,lesson_started,
E001736,U0090,2026-01-26 09:10:00,2026-01-26,U0090-000,lesson_completed,
E001737,U0090,2026-01-26 09:18:00,2026-01-26,U0090-000,feature_used,progress_tracker
E001592,U0084,2026-01-26 09:30:00,2026-01-26,U0084-009,session_started,
E001593,U0084,2026-01-26 09:33:00,2026-01-26,U0084-009,lesson_started,
E001002,U0056,2026-01-26 09:39:00,2026-01-26,U0056-000,session_started,
E001003,U0056,2026-01-26 09:42:00,2026-01-26,U0056-000,lesson_started,
E002039,U0106,2026-01-26 09:43:00,2026-01-26,U0106-000,session_started,
E001594,U0084,2026-01-26 09:45:00,2026-01-26,U0084-009,feature_used,template_library
E002040,U0106,2026-01-26 09:45:00,2026-01-26,U0106-000,project_created,
E001595,U0084,2026-01-26 09:46:00,2026-01-26,U0084-009,feature_used,progress_tracker
E002041,U0106,2026-01-26 09:46:00,2026-01-26,U0106-000,lesson_started,
E001879,U0096,2026-01-26 09:49:00,2026-01-26,U0096-000,session_started,
E001339,U0071,2026-01-26 09:50:00,2026-01-26,U0071-000,session_started,
E001880,U0096,2026-01-26 09:52:00,2026-01-26,U0096-000,lesson_started,
E001340,U0071,2026-01-26 09:53:00,2026-01-26,U0071-000,lesson_started,
E002042,U0106,2026-01-26 09:58:00,2026-01-26,U0106-000,feature_used,template_library
E002043,U0106,2026-01-26 09:59:00,2026-01-26,U0106-000,feature_used,progress_tracker
E001881,U0096,2026-01-26 10:04:00,2026-01-26,U0096-000,feature_used,template_library
E001882,U0096,2026-01-26 10:05:00,2026-01-26,U0096-000,feature_used,progress_tracker
E001205,U0064,2026-01-27 08:00:00,2026-01-27,,signed_up,
E001498,U0080,2026-01-27 08:00:00,2026-01-27,,signed_up,
E001499,U0080,2026-01-27 09:11:00,2026-01-27,U0080-000,session_started,
E001500,U0080,2026-01-27 09:14:00,2026-01-27,U0080-000,lesson_started,
E001665,U0087,2026-01-27 09:35:00,2026-01-27,U0087-008,session_started,
E000669,U0035,2026-01-27 09:37:00,2026-01-27,U0035-016,session_started,
E001666,U0087,2026-01-27 09:38:00,2026-01-27,U0087-008,lesson_started,
E000670,U0035,2026-01-27 09:39:00,2026-01-27,U0035-016,project_created,
E000671,U0035,2026-01-27 09:40:00,2026-01-27,U0035-016,lesson_started,
E001798,U0092,2026-01-27 09:44:00,2026-01-27,U0092-002,session_started,
E001799,U0092,2026-01-27 09:47:00,2026-01-27,U0092-002,lesson_started,
E000019,U0002,2026-01-27 09:51:00,2026-01-27,U0002-016,session_started,
E000672,U0035,2026-01-27 09:52:00,2026-01-27,U0035-016,feature_used,template_library
E001206,U0064,2026-01-27 09:52:00,2026-01-27,U0064-000,session_started,
E001667,U0087,2026-01-27 09:52:00,2026-01-27,U0087-008,feature_used,collaboration
E000020,U0002,2026-01-27 09:54:00,2026-01-27,U0002-016,lesson_started,
E000673,U0035,2026-01-27 09:54:00,2026-01-27,U0035-016,feature_used,collaboration
E001207,U0064,2026-01-27 09:54:00,2026-01-27,U0064-000,project_created,
E001208,U0064,2026-01-27 09:55:00,2026-01-27,U0064-000,lesson_started,
E000374,U0019,2026-01-27 09:57:00,2026-01-27,U0019-006,session_started,
E000021,U0002,2026-01-27 09:59:00,2026-01-27,U0002-016,lesson_completed,
E001800,U0092,2026-01-27 09:59:00,2026-01-27,U0092-002,feature_used,template_library
E000375,U0019,2026-01-27 10:00:00,2026-01-27,U0019-006,lesson_started,
E001801,U0092,2026-01-27 10:01:00,2026-01-27,U0092-002,feature_used,collaboration
E000376,U0019,2026-01-27 10:05:00,2026-01-27,U0019-006,lesson_completed,
E000377,U0019,2026-01-27 10:09:00,2026-01-27,U0019-006,project_shared,
E000378,U0019,2026-01-27 10:13:00,2026-01-27,U0019-006,feature_used,progress_tracker
E000674,U0035,2026-01-28 09:01:00,2026-01-28,U0035-017,session_started,
E000675,U0035,2026-01-28 09:04:00,2026-01-28,U0035-017,lesson_started,
E001209,U0064,2026-01-28 09:23:00,2026-01-28,U0064-001,session_started,
E001210,U0064,2026-01-28 09:26:00,2026-01-28,U0064-001,lesson_started,
E000414,U0021,2026-01-28 09:59:00,2026-01-28,U0021-013,session_started,
E000415,U0021,2026-01-28 10:01:00,2026-01-28,U0021-013,project_created,
E000416,U0021,2026-01-28 10:02:00,2026-01-28,U0021-013,lesson_started,
E000204,U0010,2026-01-29 08:00:00,2026-01-29,,signed_up,
E001828,U0093,2026-01-29 08:00:00,2026-01-29,,signed_up,
E001870,U0095,2026-01-29 08:00:00,2026-01-29,,signed_up,
E000295,U0015,2026-01-29 09:05:00,2026-01-29,U0015-015,session_started,
E001668,U0087,2026-01-29 09:07:00,2026-01-29,U0087-010,session_started,
E000296,U0015,2026-01-29 09:08:00,2026-01-29,U0015-015,lesson_started,
E001669,U0087,2026-01-29 09:10:00,2026-01-29,U0087-010,lesson_started,
E001829,U0093,2026-01-29 09:10:00,2026-01-29,U0093-000,session_started,
E001802,U0092,2026-01-29 09:11:00,2026-01-29,U0092-004,session_started,
E001830,U0093,2026-01-29 09:13:00,2026-01-29,U0093-000,lesson_started,
E001803,U0092,2026-01-29 09:14:00,2026-01-29,U0092-004,lesson_started,
E001883,U0096,2026-01-29 09:16:00,2026-01-29,U0096-003,session_started,
E000458,U0023,2026-01-29 09:17:00,2026-01-29,U0023-016,session_started,
E001884,U0096,2026-01-29 09:19:00,2026-01-29,U0096-003,lesson_started,
E000297,U0015,2026-01-29 09:20:00,2026-01-29,U0015-015,feature_used,template_library
E000459,U0023,2026-01-29 09:20:00,2026-01-29,U0023-016,lesson_started,
E001341,U0071,2026-01-29 09:21:00,2026-01-29,U0071-003,session_started,
E001670,U0087,2026-01-29 09:22:00,2026-01-29,U0087-010,feature_used,template_library
E001342,U0071,2026-01-29 09:23:00,2026-01-29,U0071-003,project_created,
E001343,U0071,2026-01-29 09:24:00,2026-01-29,U0071-003,lesson_started,
E001871,U0095,2026-01-29 09:25:00,2026-01-29,U0095-000,session_started,
E001804,U0092,2026-01-29 09:26:00,2026-01-29,U0092-004,feature_used,template_library
E001805,U0092,2026-01-29 09:27:00,2026-01-29,U0092-004,feature_used,progress_tracker
E001872,U0095,2026-01-29 09:28:00,2026-01-29,U0095-000,lesson_started,
E000054,U0004,2026-01-29 09:30:00,2026-01-29,U0004-021,session_started,
E000205,U0010,2026-01-29 09:31:00,2026-01-29,U0010-000,session_started,
E001885,U0096,2026-01-29 09:31:00,2026-01-29,U0096-003,feature_used,template_library
E000055,U0004,2026-01-29 09:33:00,2026-01-29,U0004-021,lesson_started,
E000206,U0010,2026-01-29 09:34:00,2026-01-29,U0010-000,lesson_started,
E001129,U0061,2026-01-29 09:36:00,2026-01-29,U0061-015,session_started,
E001344,U0071,2026-01-29 09:37:00,2026-01-29,U0071-003,feature_used,progress_tracker
E000056,U0004,2026-01-29 09:38:00,2026-01-29,U0004-021,lesson_completed,
E001130,U0061,2026-01-29 09:39:00,2026-01-29,U0061-015,lesson_started,
E000583,U0030,2026-01-29 09:40:00,2026-01-29,U0030-021,session_started,
E001873,U0095,2026-01-29 09:40:00,2026-01-29,U0095-000,feature_used,template_library
E000584,U0030,2026-01-29 09:43:00,2026-01-29,U0030-021,lesson_started,
E000057,U0004,2026-01-29 09:46:00,2026-01-29,U0004-021,feature_used,progress_tracker
E000207,U0010,2026-01-29 09:47:00,2026-01-29,U0010-000,feature_used,progress_tracker
E002231,U0114,2026-01-29 09:49:00,2026-01-29,U0114-024,session_started,
E001131,U0061,2026-01-29 09:51:00,2026-01-29,U0061-015,feature_used,template_library
E002232,U0114,2026-01-29 09:52:00,2026-01-29,U0114-024,lesson_started,
E001132,U0061,2026-01-29 09:53:00,2026-01-29,U0061-015,feature_used,collaboration
E000585,U0030,2026-01-29 09:56:00,2026-01-29,U0030-021,feature_used,progress_tracker
E001096,U0060,2026-01-29 09:58:00,2026-01-29,U0060-021,session_started,
E001097,U0060,2026-01-29 10:01:00,2026-01-29,U0060-021,lesson_started,
E002233,U0114,2026-01-29 10:04:00,2026-01-29,U0114-024,feature_used,template_library
E001098,U0060,2026-01-29 10:14:00,2026-01-29,U0060-021,feature_used,progress_tracker
E000705,U0038,2026-01-30 08:00:00,2026-01-30,,signed_up,
E000894,U0050,2026-01-30 08:00:00,2026-01-30,,signed_up,
E000979,U0054,2026-01-30 08:00:00,2026-01-30,,signed_up,
E000980,U0054,2026-01-30 09:05:00,2026-01-30,U0054-000,session_started,
E000981,U0054,2026-01-30 09:08:00,2026-01-30,U0054-000,lesson_started,
E002187,U0112,2026-01-30 09:31:00,2026-01-30,U0112-005,session_started,
E002234,U0114,2026-01-30 09:32:00,2026-01-30,U0114-025,session_started,
E000208,U0010,2026-01-30 09:33:00,2026-01-30,U0010-001,session_started,
E002188,U0112,2026-01-30 09:33:00,2026-01-30,U0112-005,project_created,
E002189,U0112,2026-01-30 09:34:00,2026-01-30,U0112-005,lesson_started,
E002235,U0114,2026-01-30 09:35:00,2026-01-30,U0114-025,lesson_started,
E000209,U0010,2026-01-30 09:36:00,2026-01-30,U0010-001,lesson_started,
E000895,U0050,2026-01-30 09:36:00,2026-01-30,U0050-000,session_started,
E000706,U0038,2026-01-30 09:37:00,2026-01-30,U0038-000,session_started,
E000896,U0050,2026-01-30 09:39:00,2026-01-30,U0050-000,lesson_started,
E002190,U0112,2026-01-30 09:39:00,2026-01-30,U0112-005,lesson_completed,
E000707,U0038,2026-01-30 09:40:00,2026-01-30,U0038-000,lesson_started,
E001263,U0067,2026-01-30 09:46:00,2026-01-30,U0067-021,session_started,
E001806,U0092,2026-01-30 09:46:00,2026-01-30,U0092-005,session_started,
E002191,U0112,2026-01-30 09:47:00,2026-01-30,U0112-005,feature_used,progress_tracker
E001264,U0067,2026-01-30 09:48:00,2026-01-30,U0067-021,project_created,
E001807,U0092,2026-01-30 09:48:00,2026-01-30,U0092-005,project_created,
E001265,U0067,2026-01-30 09:49:00,2026-01-30,U0067-021,lesson_started,
E001808,U0092,2026-01-30 09:49:00,2026-01-30,U0092-005,lesson_started,
E000708,U0038,2026-01-30 09:52:00,2026-01-30,U0038-000,feature_used,template_library
E000897,U0050,2026-01-30 09:53:00,2026-01-30,U0050-000,feature_used,collaboration
E001809,U0092,2026-01-30 09:54:00,2026-01-30,U0092-005,lesson_completed,
E001810,U0092,2026-01-30 09:58:00,2026-01-30,U0092-005,project_shared,
E001266,U0067,2026-01-30 10:01:00,2026-01-30,U0067-021,feature_used,template_library
E001811,U0092,2026-01-30 10:01:00,2026-01-30,U0092-005,feature_used,template_library
E001393,U0074,2026-01-31 08:00:00,2026-01-31,,signed_up,
E001616,U0085,2026-01-31 08:00:00,2026-01-31,,signed_up,
E001738,U0090,2026-01-31 09:11:00,2026-01-31,U0090-005,session_started,
E001739,U0090,2026-01-31 09:14:00,2026-01-31,U0090-005,lesson_started,
E001617,U0085,2026-01-31 09:17:00,2026-01-31,U0085-000,session_started,
E001740,U0090,2026-01-31 09:19:00,2026-01-31,U0090-005,lesson_completed,
E001618,U0085,2026-01-31 09:20:00,2026-01-31,U0085-000,lesson_started,
E001741,U0090,2026-01-31 09:23:00,2026-01-31,U0090-005,project_shared,
E000806,U0044,2026-01-31 09:24:00,2026-01-31,U0044-006,session_started,
E000102,U0005,2026-01-31 09:26:00,2026-01-31,U0005-025,session_started,
E000807,U0044,2026-01-31 09:26:00,2026-01-31,U0044-006,project_created,
E001742,U0090,2026-01-31 09:26:00,2026-01-31,U0090-005,feature_used,template_library
E000808,U0044,2026-01-31 09:27:00,2026-01-31,U0044-006,lesson_started,
E000022,U0002,2026-01-31 09:28:00,2026-01-31,U0002-020,session_started,
E001743,U0090,2026-01-31 09:28:00,2026-01-31,U0090-005,feature_used,collaboration
E000103,U0005,2026-01-31 09:29:00,2026-01-31,U0005-025,lesson_started,
E000023,U0002,2026-01-31 09:31:00,2026-01-31,U0002-020,lesson_started,
E001619,U0085,2026-01-31 09:32:00,2026-01-31,U0085-000,feature_used,template_library
E000635,U0033,2026-01-31 09:33:00,2026-01-31,U0033-019,session_started,
E000024,U0002,2026-01-31 09:36:00,2026-01-31,U0002-020,lesson_completed,
E000636,U0033,2026-01-31 09:36:00,2026-01-31,U0033-019,lesson_started,
E000809,U0044,2026-01-31 09:39:00,2026-01-31,U0044-006,feature_used,template_library
E000104,U0005,2026-01-31 09:41:00,2026-01-31,U0005-025,feature_used,template_library
E000105,U0005,2026-01-31 09:42:00,2026-01-31,U0005-025,feature_used,progress_tracker
E000025,U0002,2026-01-31 09:43:00,2026-01-31,U0002-020,feature_used,template_library
E000026,U0002,2026-01-31 09:45:00,2026-01-31,U0002-020,feature_used,collaboration
E001394,U0074,2026-01-31 09:50:00,2026-01-31,U0074-000,session_started,
E002160,U0111,2026-01-31 09:50:00,2026-01-31,U0111-015,session_started,
E001395,U0074,2026-01-31 09:52:00,2026-01-31,U0074-000,project_created,
E001396,U0074,2026-01-31 09:53:00,2026-01-31,U0074-000,lesson_started,
E002161,U0111,2026-01-31 09:53:00,2026-01-31,U0111-015,lesson_started,
E001397,U0074,2026-01-31 10:05:00,2026-01-31,U0074-000,feature_used,template_library
E000738,U0040,2026-02-01 08:00:00,2026-02-01,,signed_up,
E000122,U0006,2026-02-01 09:20:00,2026-02-01,U0006-022,session_started,
E000123,U0006,2026-02-01 09:23:00,2026-02-01,U0006-022,lesson_started,
E000739,U0040,2026-02-01 09:34:00,2026-02-01,U0040-000,session_started,
E000740,U0040,2026-02-01 09:37:00,2026-02-01,U0040-000,lesson_started,
E001325,U0070,2026-02-01 09:38:00,2026-02-01,U0070-011,session_started,
E001326,U0070,2026-02-01 09:41:00,2026-02-01,U0070-011,lesson_started,
E000741,U0040,2026-02-01 09:49:00,2026-02-01,U0040-000,feature_used,template_library
E001345,U0071,2026-02-01 09:49:00,2026-02-01,U0071-006,session_started,
E001346,U0071,2026-02-01 09:52:00,2026-02-01,U0071-006,lesson_started,
E001886,U0096,2026-02-01 09:55:00,2026-02-01,U0096-006,session_started,
E001887,U0096,2026-02-01 09:57:00,2026-02-01,U0096-006,project_created,
E001888,U0096,2026-02-01 09:58:00,2026-02-01,U0096-006,lesson_started,
E001889,U0096,2026-02-01 10:03:00,2026-02-01,U0096-006,lesson_completed,
E001890,U0096,2026-02-01 10:10:00,2026-02-01,U0096-006,feature_used,template_library
E001891,U0096,2026-02-01 10:11:00,2026-02-01,U0096-006,feature_used,progress_tracker
E000600,U0031,2026-02-02 08:00:00,2026-02-02,,signed_up,
E000647,U0034,2026-02-02 08:00:00,2026-02-02,,signed_up,
E000883,U0049,2026-02-02 08:00:00,2026-02-02,,signed_up,
E000907,U0051,2026-02-02 08:00:00,2026-02-02,,signed_up,
E000106,U0005,2026-02-02 09:07:00,2026-02-02,U0005-027,session_started,
E000107,U0005,2026-02-02 09:10:00,2026-02-02,U0005-027,lesson_started,
E000108,U0005,2026-02-02 09:23:00,2026-02-02,U0005-027,feature_used,progress_tracker
E000417,U0021,2026-02-02 09:26:00,2026-02-02,U0021-018,session_started,
E000418,U0021,2026-02-02 09:29:00,2026-02-02,U0021-018,lesson_started,
E000419,U0021,2026-02-02 09:34:00,2026-02-02,U0021-018,lesson_completed,
E000601,U0031,2026-02-02 09:42:00,2026-02-02,U0031-000,session_started,
E000602,U0031,2026-02-02 09:44:00,2026-02-02,U0031-000,project_created,
E000603,U0031,2026-02-02 09:45:00,2026-02-02,U0031-000,lesson_started,
E001026,U0057,2026-02-02 09:46:00,2026-02-02,U0057-022,session_started,
E000908,U0051,2026-02-02 09:49:00,2026-02-02,U0051-000,session_started,
E001027,U0057,2026-02-02 09:49:00,2026-02-02,U0057-022,lesson_started,
E001133,U0061,2026-02-02 09:50:00,2026-02-02,U0061-019,session_started,
E000909,U0051,2026-02-02 09:51:00,2026-02-02,U0051-000,project_created,
E000910,U0051,2026-02-02 09:52:00,2026-02-02,U0051-000,lesson_started,
E001134,U0061,2026-02-02 09:53:00,2026-02-02,U0061-019,lesson_started,
E000648,U0034,2026-02-02 09:55:00,2026-02-02,U0034-000,session_started,
E000604,U0031,2026-02-02 09:58:00,2026-02-02,U0031-000,feature_used,progress_tracker
E000649,U0034,2026-02-02 09:58:00,2026-02-02,U0034-000,lesson_started,
E000884,U0049,2026-02-02 09:58:00,2026-02-02,U0049-000,session_started,
E001028,U0057,2026-02-02 09:58:00,2026-02-02,U0057-022,project_shared,
E000885,U0049,2026-02-02 10:01:00,2026-02-02,U0049-000,lesson_started,
E000911,U0051,2026-02-02 10:04:00,2026-02-02,U0051-000,feature_used,template_library
E000912,U0051,2026-02-02 10:05:00,2026-02-02,U0051-000,feature_used,progress_tracker
E000650,U0034,2026-02-02 10:11:00,2026-02-02,U0034-000,feature_used,progress_tracker
E000886,U0049,2026-02-02 10:14:00,2026-02-02,U0049-000,feature_used,progress_tracker
E000433,U0022,2026-02-03 08:00:00,2026-02-03,,signed_up,
E000480,U0025,2026-02-03 08:00:00,2026-02-03,,signed_up,
E001061,U0059,2026-02-03 08:00:00,2026-02-03,,signed_up,
E000810,U0044,2026-02-03 09:03:00,2026-02-03,U0044-009,session_started,
E001062,U0059,2026-02-03 09:03:00,2026-02-03,U0059-000,session_started,
E001347,U0071,2026-02-03 09:05:00,2026-02-03,U0071-008,session_started,
E000811,U0044,2026-02-03 09:06:00,2026-02-03,U0044-009,lesson_started,
E001063,U0059,2026-02-03 09:06:00,2026-02-03,U0059-000,lesson_started,
E000709,U0038,2026-02-03 09:07:00,2026-02-03,U0038-004,session_started,
E001348,U0071,2026-02-03 09:08:00,2026-02-03,U0071-008,lesson_started,
E000710,U0038,2026-02-03 09:10:00,2026-02-03,U0038-004,lesson_started,
E000812,U0044,2026-02-03 09:11:00,2026-02-03,U0044-009,lesson_completed,
E001349,U0071,2026-02-03 09:13:00,2026-02-03,U0071-008,lesson_completed,
E001350,U0071,2026-02-03 09:21:00,2026-02-03,U0071-008,feature_used,progress_tracker
E000420,U0021,2026-02-03 09:23:00,2026-02-03,U0021-019,session_started,
E000421,U0021,2026-02-03 09:26:00,2026-02-03,U0021-019,lesson_started,
E001620,U0085,2026-02-03 09:32:00,2026-02-03,U0085-003,session_started,
E001621,U0085,2026-02-03 09:34:00,2026-02-03,U0085-003,project_created,
E001622,U0085,2026-02-03 09:35:00,2026-02-03,U0085-003,lesson_started,
E000422,U0021,2026-02-03 09:38:00,2026-02-03,U0021-019,feature_used,template_library
E000423,U0021,2026-02-03 09:39:00,2026-02-03,U0021-019,feature_used,progress_tracker
E001623,U0085,2026-02-03 09:48:00,2026-02-03,U0085-003,feature_used,progress_tracker
E001979,U0102,2026-02-03 09:49:00,2026-02-03,U0102-009,session_started,
E001980,U0102,2026-02-03 09:52:00,2026-02-03,U0102-009,lesson_started,
E000434,U0022,2026-02-03 09:54:00,2026-02-03,U0022-000,session_started,
E000481,U0025,2026-02-03 09:55:00,2026-02-03,U0025-000,session_started,
E000736,U0039,2026-02-03 09:55:00,2026-02-03,U0039-011,session_started,
E000031,U0003,2026-02-03 09:56:00,2026-02-03,U0003-023,session_started,
E000435,U0022,2026-02-03 09:57:00,2026-02-03,U0022-000,lesson_started,
E000482,U0025,2026-02-03 09:57:00,2026-02-03,U0025-000,project_created,
E000483,U0025,2026-02-03 09:58:00,2026-02-03,U0025-000,lesson_started,
E000737,U0039,2026-02-03 09:58:00,2026-02-03,U0039-011,lesson_started,
E000032,U0003,2026-02-03 09:59:00,2026-02-03,U0003-023,lesson_started,
E000484,U0025,2026-02-03 10:03:00,2026-02-03,U0025-000,lesson_completed,
E000436,U0022,2026-02-03 10:09:00,2026-02-03,U0022-000,feature_used,template_library
E000033,U0003,2026-02-03 10:12:00,2026-02-03,U0003-023,feature_used,progress_tracker
E000210,U0010,2026-02-04 09:06:00,2026-02-04,U0010-006,session_started,
E000379,U0019,2026-02-04 09:07:00,2026-02-04,U0019-014,session_started,
E000211,U0010,2026-02-04 09:09:00,2026-02-04,U0010-006,lesson_started,
E000380,U0019,2026-02-04 09:10:00,2026-02-04,U0019-014,lesson_started,
E001398,U0074,2026-02-04 09:12:00,2026-02-04,U0074-004,session_started,
E001479,U0079,2026-02-04 09:13:00,2026-02-04,U0079-024,session_started,
E001399,U0074,2026-02-04 09:15:00,2026-02-04,U0074-004,lesson_started,
E001480,U0079,2026-02-04 09:16:00,2026-02-04,U0079-024,lesson_started,
E001501,U0080,2026-02-04 09:17:00,2026-02-04,U0080-008,session_started,
E001502,U0080,2026-02-04 09:19:00,2026-02-04,U0080-008,project_created,
E002192,U0112,2026-02-04 09:19:00,2026-02-04,U0112-010,session_started,
E001400,U0074,2026-02-04 09:20:00,2026-02-04,U0074-004,lesson_completed,
E001503,U0080,2026-02-04 09:20:00,2026-02-04,U0080-008,lesson_started,
E000212,U0010,2026-02-04 09:21:00,2026-02-04,U0010-006,feature_used,template_library
E001481,U0079,2026-02-04 09:21:00,2026-02-04,U0079-024,lesson_completed,
E000381,U0019,2026-02-04 09:22:00,2026-02-04,U0019-014,feature_used,template_library
E002193,U0112,2026-02-04 09:22:00,2026-02-04,U0112-010,lesson_started,
E001401,U0074,2026-02-04 09:27:00,2026-02-04,U0074-004,feature_used,template_library
E001482,U0079,2026-02-04 09:28:00,2026-02-04,U0079-024,feature_used,template_library
E001483,U0079,2026-02-04 09:29:00,2026-02-04,U0079-024,feature_used,progress_tracker
E001484,U0079,2026-02-04 09:30:00,2026-02-04,U0079-024,feature_used,collaboration
E000058,U0004,2026-02-04 09:32:00,2026-02-04,U0004-027,session_started,
E001504,U0080,2026-02-04 09:32:00,2026-02-04,U0080-008,feature_used,template_library
E002194,U0112,2026-02-04 09:34:00,2026-02-04,U0112-010,feature_used,template_library
E000059,U0004,2026-02-04 09:35:00,2026-02-04,U0004-027,lesson_started,
E002195,U0112,2026-02-04 09:35:00,2026-02-04,U0112-010,feature_used,progress_tracker
E000060,U0004,2026-02-04 09:47:00,2026-02-04,U0004-027,feature_used,template_library
E001596,U0084,2026-02-04 09:48:00,2026-02-04,U0084-018,session_started,
E001597,U0084,2026-02-04 09:51:00,2026-02-04,U0084-018,lesson_started,
E001135,U0061,2026-02-04 09:53:00,2026-02-04,U0061-021,session_started,
E001136,U0061,2026-02-04 09:56:00,2026-02-04,U0061-021,lesson_started,
E001598,U0084,2026-02-04 10:03:00,2026-02-04,U0084-018,feature_used,template_library
E000322,U0017,2026-02-05 08:00:00,2026-02-05,,signed_up,
E001365,U0072,2026-02-05 08:00:00,2026-02-05,,signed_up,
E000323,U0017,2026-02-05 09:26:00,2026-02-05,U0017-000,session_started,
E000324,U0017,2026-02-05 09:29:00,2026-02-05,U0017-000,lesson_started,
E001744,U0090,2026-02-05 09:33:00,2026-02-05,U0090-010,session_started,
E001772,U0091,2026-02-05 09:35:00,2026-02-05,U0091-012,session_started,
E001745,U0090,2026-02-05 09:36:00,2026-02-05,U0090-010,lesson_started,
E001773,U0091,2026-02-05 09:38:00,2026-02-05,U0091-012,lesson_started,
E001366,U0072,2026-02-05 09:40:00,2026-02-05,U0072-000,session_started,
E001327,U0070,2026-02-05 09:43:00,2026-02-05,U0070-015,session_started,
E001367,U0072,2026-02-05 09:43:00,2026-02-05,U0072-000,lesson_started,
E001812,U0092,2026-02-05 09:44:00,2026-02-05,U0092-011,session_started,
E001328,U0070,2026-02-05 09:46:00,2026-02-05,U0070-015,lesson_started,
E001813,U0092,2026-02-05 09:47:00,2026-02-05,U0092-011,lesson_started,
E001746,U0090,2026-02-05 09:49:00,2026-02-05,U0090-010,feature_used,progress_tracker
E001747,U0090,2026-02-05 09:50:00,2026-02-05,U0090-010,feature_used,collaboration
E001814,U0092,2026-02-05 09:52:00,2026-02-05,U0092-011,lesson_completed,
E000941,U0052,2026-02-05 09:57:00,2026-02-05,U0052-021,session_started,
E000942,U0052,2026-02-05 10:00:00,2026-02-05,U0052-021,lesson_started,
E001815,U0092,2026-02-05 10:00:00,2026-02-05,U0092-011,feature_used,progress_tracker
E001698,U0088,2026-02-06 08:00:00,2026-02-06,,signed_up,
E001402,U0074,2026-02-06 09:36:00,2026-02-06,U0074-006,session_started,
E001403,U0074,2026-02-06 09:39:00,2026-02-06,U0074-006,lesson_started,
E001671,U0087,2026-02-06 09:44:00,2026-02-06,U0087-018,session_started,
E000742,U0040,2026-02-06 09:46:00,2026-02-06,U0040-005,session_started,
E001672,U0087,2026-02-06 09:47:00,2026-02-06,U0087-018,lesson_started,
E000743,U0040,2026-02-06 09:49:00,2026-02-06,U0040-005,lesson_started,
E001699,U0088,2026-02-06 09:55:00,2026-02-06,U0088-000,session_started,
E001700,U0088,2026-02-06 09:58:00,2026-02-06,U0088-000,lesson_started,
E001701,U0088,2026-02-07 09:13:00,2026-02-07,U0088-001,session_started,
E001702,U0088,2026-02-07 09:15:00,2026-02-07,U0088-001,project_created,
E001703,U0088,2026-02-07 09:16:00,2026-02-07,U0088-001,lesson_started,
E001704,U0088,2026-02-07 09:21:00,2026-02-07,U0088-001,lesson_completed,
E001351,U0071,2026-02-07 09:23:00,2026-02-07,U0071-012,session_started,
E001352,U0071,2026-02-07 09:26:00,2026-02-07,U0071-012,lesson_started,
E000959,U0053,2026-02-07 09:30:00,2026-02-07,U0053-016,session_started,
E000960,U0053,2026-02-07 09:32:00,2026-02-07,U0053-016,project_created,
E000961,U0053,2026-02-07 09:33:00,2026-02-07,U0053-016,lesson_started,
E000962,U0053,2026-02-07 09:47:00,2026-02-07,U0053-016,feature_used,collaboration
E000744,U0040,2026-02-07 09:53:00,2026-02-07,U0040-006,session_started,
E000745,U0040,2026-02-07 09:56:00,2026-02-07,U0040-006,lesson_started,
E001171,U0063,2026-02-08 08:00:00,2026-02-08,,signed_up,
E001673,U0087,2026-02-08 09:02:00,2026-02-08,U0087-020,session_started,
E001674,U0087,2026-02-08 09:05:00,2026-02-08,U0087-020,lesson_started,
E000109,U0005,2026-02-08 09:07:00,2026-02-08,U0005-033,session_started,
E001172,U0063,2026-02-08 09:09:00,2026-02-08,U0063-000,session_started,
E000110,U0005,2026-02-08 09:10:00,2026-02-08,U0005-033,lesson_started,
E001173,U0063,2026-02-08 09:11:00,2026-02-08,U0063-000,project_created,
E001174,U0063,2026-02-08 09:12:00,2026-02-08,U0063-000,lesson_started,
E000424,U0021,2026-02-08 09:15:00,2026-02-08,U0021-024,session_started,
E001748,U0090,2026-02-08 09:15:00,2026-02-08,U0090-013,session_started,
E001404,U0074,2026-02-08 09:17:00,2026-02-08,U0074-008,session_started,
E001675,U0087,2026-02-08 09:17:00,2026-02-08,U0087-020,feature_used,template_library
E000425,U0021,2026-02-08 09:18:00,2026-02-08,U0021-024,lesson_started,
E001676,U0087,2026-02-08 09:18:00,2026-02-08,U0087-020,feature_used,progress_tracker
E001749,U0090,2026-02-08 09:18:00,2026-02-08,U0090-013,lesson_started,
E001405,U0074,2026-02-08 09:20:00,2026-02-08,U0074-008,lesson_started,
E000111,U0005,2026-02-08 09:22:00,2026-02-08,U0005-033,feature_used,template_library
E000112,U0005,2026-02-08 09:23:00,2026-02-08,U0005-033,feature_used,progress_tracker
E000426,U0021,2026-02-08 09:23:00,2026-02-08,U0021-024,lesson_completed,
E001750,U0090,2026-02-08 09:23:00,2026-02-08,U0090-013,lesson_completed,
E000427,U0021,2026-02-08 09:30:00,2026-02-08,U0021-024,feature_used,template_library
E001751,U0090,2026-02-08 09:30:00,2026-02-08,U0090-013,feature_used,template_library
E000637,U0033,2026-02-08 09:42:00,2026-02-08,U0033-027,session_started,
E000638,U0033,2026-02-08 09:45:00,2026-02-08,U0033-027,lesson_started,
E000539,U0028,2026-02-08 09:47:00,2026-02-08,U0028-026,session_started,
E000540,U0028,2026-02-08 09:50:00,2026-02-08,U0028-026,lesson_started,
E000298,U0015,2026-02-08 09:52:00,2026-02-08,U0015-025,session_started,
E000299,U0015,2026-02-08 09:55:00,2026-02-08,U0015-025,lesson_started,
E000639,U0033,2026-02-08 09:58:00,2026-02-08,U0033-027,feature_used,progress_tracker
E000541,U0028,2026-02-08 10:04:00,2026-02-08,U0028-026,feature_used,collaboration
E000300,U0015,2026-02-08 10:08:00,2026-02-08,U0015-025,feature_used,progress_tracker
E001997,U0103,2026-02-09 08:00:00,2026-02-09,,signed_up,
E002214,U0113,2026-02-09 08:00:00,2026-02-09,,signed_up,
E001998,U0103,2026-02-09 09:02:00,2026-02-09,U0103-000,session_started,
E001999,U0103,2026-02-09 09:05:00,2026-02-09,U0103-000,lesson_started,
E002000,U0103,2026-02-09 09:17:00,2026-02-09,U0103-000,feature_used,template_library
E002001,U0103,2026-02-09 09:18:00,2026-02-09,U0103-000,feature_used,progress_tracker
E001211,U0064,2026-02-09 09:24:00,2026-02-09,U0064-013,session_started,
E001212,U0064,2026-02-09 09:27:00,2026-02-09,U0064-013,lesson_started,
E001137,U0061,2026-02-09 09:30:00,2026-02-09,U0061-026,session_started,
E001175,U0063,2026-02-09 09:30:00,2026-02-09,U0063-001,session_started,
E001213,U0064,2026-02-09 09:32:00,2026-02-09,U0064-013,lesson_completed,
E001138,U0061,2026-02-09 09:33:00,2026-02-09,U0061-026,lesson_started,
E001176,U0063,2026-02-09 09:33:00,2026-02-09,U0063-001,lesson_started,
E002215,U0113,2026-02-09 09:36:00,2026-02-09,U0113-000,session_started,
E001177,U0063,2026-02-09 09:38:00,2026-02-09,U0063-001,lesson_completed,
E002216,U0113,2026-02-09 09:38:00,2026-02-09,U0113-000,project_created,
E002217,U0113,2026-02-09 09:39:00,2026-02-09,U0113-000,lesson_started,
E001214,U0064,2026-02-09 09:40:00,2026-02-09,U0064-013,feature_used,progress_tracker
E002218,U0113,2026-02-09 09:44:00,2026-02-09,U0113-000,lesson_completed,
E001353,U0071,2026-02-09 09:54:00,2026-02-09,U0071-014,session_started,
E000213,U0010,2026-02-09 09:56:00,2026-02-09,U0010-011,session_started,
E001354,U0071,2026-02-09 09:57:00,2026-02-09,U0071-014,lesson_started,
E000214,U0010,2026-02-09 09:58:00,2026-02-09,U0010-011,project_created,
E000215,U0010,2026-02-09 09:59:00,2026-02-09,U0010-011,lesson_started,
E001355,U0071,2026-02-09 10:02:00,2026-02-09,U0071-014,lesson_completed,
E000216,U0010,2026-02-09 10:04:00,2026-02-09,U0010-011,lesson_completed,
E001356,U0071,2026-02-09 10:11:00,2026-02-09,U0071-014,feature_used,collaboration
E001948,U0100,2026-02-10 08:00:00,2026-02-10,,signed_up,
E001329,U0070,2026-02-10 09:05:00,2026-02-10,U0070-020,session_started,
E001330,U0070,2026-02-10 09:08:00,2026-02-10,U0070-020,lesson_started,
E000460,U0023,2026-02-10 09:10:00,2026-02-10,U0023-028,session_started,
E001235,U0065,2026-02-10 09:11:00,2026-02-10,U0065-024,session_started,
E000485,U0025,2026-02-10 09:12:00,2026-02-10,U0025-007,session_started,
E000461,U0023,2026-02-10 09:13:00,2026-02-10,U0023-028,lesson_started,
E001236,U0065,2026-02-10 09:14:00,2026-02-10,U0065-024,lesson_started,
E000486,U0025,2026-02-10 09:15:00,2026-02-10,U0025-007,lesson_started,
E000462,U0023,2026-02-10 09:18:00,2026-02-10,U0023-028,lesson_completed,
E001331,U0070,2026-02-10 09:20:00,2026-02-10,U0070-020,feature_used,template_library
E000487,U0025,2026-02-10 09:24:00,2026-02-10,U0025-007,project_shared,
E000463,U0023,2026-02-10 09:26:00,2026-02-10,U0023-028,feature_used,progress_tracker
E001237,U0065,2026-02-10 09:26:00,2026-02-10,U0065-024,feature_used,template_library
E000382,U0019,2026-02-10 09:27:00,2026-02-10,U0019-020,session_started,
E001029,U0057,2026-02-10 09:27:00,2026-02-10,U0057-030,session_started,
E000383,U0019,2026-02-10 09:30:00,2026-02-10,U0019-020,lesson_started,
E001030,U0057,2026-02-10 09:30:00,2026-02-10,U0057-030,lesson_started,
E000113,U0005,2026-02-10 09:32:00,2026-02-10,U0005-035,session_started,
E000114,U0005,2026-02-10 09:35:00,2026-02-10,U0005-035,lesson_started,
E000384,U0019,2026-02-10 09:42:00,2026-02-10,U0019-020,feature_used,template_library
E001031,U0057,2026-02-10 09:42:00,2026-02-10,U0057-030,feature_used,template_library
E000615,U0032,2026-02-10 09:43:00,2026-02-10,U0032-026,session_started,
E001677,U0087,2026-02-10 09:43:00,2026-02-10,U0087-022,session_started,
E000616,U0032,2026-02-10 09:46:00,2026-02-10,U0032-026,lesson_started,
E001678,U0087,2026-02-10 09:46:00,2026-02-10,U0087-022,lesson_started,
E001949,U0100,2026-02-10 09:49:00,2026-02-10,U0100-000,session_started,
E001950,U0100,2026-02-10 09:51:00,2026-02-10,U0100-000,project_created,
E001951,U0100,2026-02-10 09:52:00,2026-02-10,U0100-000,lesson_started,
E000963,U0053,2026-02-10 09:54:00,2026-02-10,U0053-019,session_started,
E000586,U0030,2026-02-10 09:57:00,2026-02-10,U0030-033,session_started,
E000964,U0053,2026-02-10 09:57:00,2026-02-10,U0053-019,lesson_started,
E001952,U0100,2026-02-10 09:57:00,2026-02-10,U0100-000,lesson_completed,
E000617,U0032,2026-02-10 09:59:00,2026-02-10,U0032-026,feature_used,progress_tracker
E001679,U0087,2026-02-10 09:59:00,2026-02-10,U0087-022,feature_used,progress_tracker
E000587,U0030,2026-02-10 10:00:00,2026-02-10,U0030-033,lesson_started,
E001953,U0100,2026-02-10 10:01:00,2026-02-10,U0100-000,project_shared,
E000965,U0053,2026-02-10 10:02:00,2026-02-10,U0053-019,lesson_completed,
E001954,U0100,2026-02-10 10:04:00,2026-02-10,U0100-000,feature_used,template_library
E000588,U0030,2026-02-10 10:05:00,2026-02-10,U0030-033,lesson_completed,
E000966,U0053,2026-02-10 10:10:00,2026-02-10,U0053-019,feature_used,progress_tracker
E001441,U0078,2026-02-11 08:00:00,2026-02-11,,signed_up,
E000898,U0050,2026-02-11 09:04:00,2026-02-11,U0050-012,session_started,
E000899,U0050,2026-02-11 09:07:00,2026-02-11,U0050-012,lesson_started,
E001705,U0088,2026-02-11 09:11:00,2026-02-11,U0088-005,session_started,
E001442,U0078,2026-02-11 09:13:00,2026-02-11,U0078-000,session_started,
E001706,U0088,2026-02-11 09:14:00,2026-02-11,U0088-005,lesson_started,
E001443,U0078,2026-02-11 09:16:00,2026-02-11,U0078-000,lesson_started,
E001707,U0088,2026-02-11 09:26:00,2026-02-11,U0088-005,feature_used,template_library
E002219,U0113,2026-02-11 09:36:00,2026-02-11,U0113-002,session_started,
E002220,U0113,2026-02-11 09:39:00,2026-02-11,U0113-002,lesson_started,
E002196,U0112,2026-02-11 09:44:00,2026-02-11,U0112-017,session_started,
E002221,U0113,2026-02-11 09:44:00,2026-02-11,U0113-002,lesson_completed,
E002197,U0112,2026-02-11 09:47:00,2026-02-11,U0112-017,lesson_started,
E002222,U0113,2026-02-11 09:51:00,2026-02-11,U0113-002,feature_used,template_library
E001774,U0091,2026-02-11 09:52:00,2026-02-11,U0091-018,session_started,
E001775,U0091,2026-02-11 09:55:00,2026-02-11,U0091-018,lesson_started,
E000217,U0010,2026-02-11 09:56:00,2026-02-11,U0010-013,session_started,
E000218,U0010,2026-02-11 09:59:00,2026-02-11,U0010-013,lesson_started,
E002198,U0112,2026-02-11 09:59:00,2026-02-11,U0112-017,feature_used,template_library
E002199,U0112,2026-02-11 10:01:00,2026-02-11,U0112-017,feature_used,collaboration
E001776,U0091,2026-02-11 10:07:00,2026-02-11,U0091-018,feature_used,template_library
E000133,U0007,2026-02-12 08:00:00,2026-02-12,,signed_up,
E000238,U0012,2026-02-12 08:00:00,2026-02-12,,signed_up,
E000307,U0016,2026-02-12 08:00:00,2026-02-12,,signed_up,
E000470,U0024,2026-02-12 08:00:00,2026-02-12,,signed_up,
E002275,U0117,2026-02-12 09:03:00,2026-02-12,U0117-035,session_started,
E000385,U0019,2026-02-12 09:05:00,2026-02-12,U0019-022,session_started,
E002276,U0117,2026-02-12 09:06:00,2026-02-12,U0117-035,lesson_started,
E000386,U0019,2026-02-12 09:08:00,2026-02-12,U0019-022,lesson_started,
E000640,U0033,2026-02-12 09:09:00,2026-02-12,U0033-031,session_started,
E000641,U0033,2026-02-12 09:11:00,2026-02-12,U0033-031,project_created,
E000642,U0033,2026-02-12 09:12:00,2026-02-12,U0033-031,lesson_started,
E000239,U0012,2026-02-12 09:13:00,2026-02-12,U0012-000,session_started,
E000387,U0019,2026-02-12 09:13:00,2026-02-12,U0019-022,lesson_completed,
E000471,U0024,2026-02-12 09:14:00,2026-02-12,U0024-000,session_started,
E000240,U0012,2026-02-12 09:15:00,2026-02-12,U0012-000,project_created,
E000241,U0012,2026-02-12 09:16:00,2026-02-12,U0012-000,lesson_started,
E000134,U0007,2026-02-12 09:17:00,2026-02-12,U0007-000,session_started,
E000472,U0024,2026-02-12 09:17:00,2026-02-12,U0024-000,lesson_started,
E000542,U0028,2026-02-12 09:17:00,2026-02-12,U0028-030,session_started,
E002277,U0117,2026-02-12 09:18:00,2026-02-12,U0117-035,feature_used,template_library
E000135,U0007,2026-02-12 09:20:00,2026-02-12,U0007-000,lesson_started,
E000388,U0019,2026-02-12 09:20:00,2026-02-12,U0019-022,feature_used,template_library
E000543,U0028,2026-02-12 09:20:00,2026-02-12,U0028-030,lesson_started,
E000643,U0033,2026-02-12 09:24:00,2026-02-12,U0033-031,feature_used,template_library
E001064,U0059,2026-02-12 09:25:00,2026-02-12,U0059-009,session_started,
E000644,U0033,2026-02-12 09:26:00,2026-02-12,U0033-031,feature_used,collaboration
E001065,U0059,2026-02-12 09:27:00,2026-02-12,U0059-009,project_created,
E000242,U0012,2026-02-12 09:28:00,2026-02-12,U0012-000,feature_used,template_library
E001066,U0059,2026-02-12 09:28:00,2026-02-12,U0059-009,lesson_started,
E001067,U0059,2026-02-12 09:33:00,2026-02-12,U0059-009,lesson_completed,
E001068,U0059,2026-02-12 09:40:00,2026-02-12,U0059-009,feature_used,template_library
E001752,U0090,2026-02-12 09:42:00,2026-02-12,U0090-017,session_started,
E001753,U0090,2026-02-12 09:45:00,2026-02-12,U0090-017,lesson_started,
E001565,U0083,2026-02-12 09:48:00,2026-02-12,U0083-026,session_started,
E000308,U0016,2026-02-12 09:50:00,2026-02-12,U0016-000,session_started,
E001178,U0063,2026-02-12 09:50:00,2026-02-12,U0063-004,session_started,
E001754,U0090,2026-02-12 09:50:00,2026-02-12,U0090-017,lesson_completed,
E001566,U0083,2026-02-12 09:51:00,2026-02-12,U0083-026,lesson_started,
E000309,U0016,2026-02-12 09:52:00,2026-02-12,U0016-000,project_created,
E000310,U0016,2026-02-12 09:53:00,2026-02-12,U0016-000,lesson_started,
E001179,U0063,2026-02-12 09:53:00,2026-02-12,U0063-004,lesson_started,
E001567,U0083,2026-02-12 09:56:00,2026-02-12,U0083-026,lesson_completed,
E001755,U0090,2026-02-12 09:57:00,2026-02-12,U0090-017,feature_used,template_library
E001180,U0063,2026-02-12 09:58:00,2026-02-12,U0063-004,lesson_completed,
E001756,U0090,2026-02-12 09:58:00,2026-02-12,U0090-017,feature_used,progress_tracker
E001568,U0083,2026-02-12 10:00:00,2026-02-12,U0083-026,project_shared,
E000517,U0027,2026-02-13 08:00:00,2026-02-13,,signed_up,
E002102,U0109,2026-02-13 08:00:00,2026-02-13,,signed_up,
E000265,U0013,2026-02-13 09:03:00,2026-02-13,U0013-024,session_started,
E000711,U0038,2026-02-13 09:03:00,2026-02-13,U0038-014,session_started,
E000266,U0013,2026-02-13 09:06:00,2026-02-13,U0013-024,lesson_started,
E000712,U0038,2026-02-13 09:06:00,2026-02-13,U0038-014,lesson_started,
E000842,U0046,2026-02-13 09:25:00,2026-02-13,U0046-023,session_started,
E000900,U0050,2026-02-13 09:26:00,2026-02-13,U0050-014,session_started,
E000843,U0046,2026-02-13 09:28:00,2026-02-13,U0046-023,lesson_started,
E000901,U0050,2026-02-13 09:29:00,2026-02-13,U0050-014,lesson_started,
E000301,U0015,2026-02-13 09:31:00,2026-02-13,U0015-030,session_started,
E000302,U0015,2026-02-13 09:33:00,2026-02-13,U0015-030,project_created,
E000303,U0015,2026-02-13 09:34:00,2026-02-13,U0015-030,lesson_started,
E000518,U0027,2026-02-13 09:35:00,2026-02-13,U0027-000,session_started,
E000519,U0027,2026-02-13 09:37:00,2026-02-13,U0027-000,project_created,
E000520,U0027,2026-02-13 09:38:00,2026-02-13,U0027-000,lesson_started,
E000844,U0046,2026-02-13 09:40:00,2026-02-13,U0046-023,feature_used,template_library
E000845,U0046,2026-02-13 09:41:00,2026-02-13,U0046-023,feature_used,progress_tracker
E000437,U0022,2026-02-13 09:42:00,2026-02-13,U0022-010,session_started,
E000902,U0050,2026-02-13 09:42:00,2026-02-13,U0050-014,feature_used,progress_tracker
E000438,U0022,2026-02-13 09:45:00,2026-02-13,U0022-010,lesson_started,
E002103,U0109,2026-02-13 09:56:00,2026-02-13,U0109-000,session_started,
E000439,U0022,2026-02-13 09:57:00,2026-02-13,U0022-010,feature_used,template_library
E002104,U0109,2026-02-13 09:58:00,2026-02-13,U0109-000,project_created,
E002105,U0109,2026-02-13 09:59:00,2026-02-13,U0109-000,lesson_started,
E002106,U0109,2026-02-13 10:12:00,2026-02-13,U0109-000,feature_used,progress_tracker
E000403,U0020,2026-02-14 08:00:00,2026-02-14,,signed_up,
E002200,U0112,2026-02-14 09:06:00,2026-02-14,U0112-020,session_started,
E002002,U0103,2026-02-14 09:07:00,2026-02-14,U0103-005,session_started,
E002003,U0103,2026-02-14 09:09:00,2026-02-14,U0103-005,project_created,
E002201,U0112,2026-02-14 09:09:00,2026-02-14,U0112-020,lesson_started,
E002004,U0103,2026-02-14 09:10:00,2026-02-14,U0103-005,lesson_started,
E000404,U0020,2026-02-14 09:14:00,2026-02-14,U0020-000,session_started,
E000405,U0020,2026-02-14 09:17:00,2026-02-14,U0020-000,lesson_started,
E002202,U0112,2026-02-14 09:22:00,2026-02-14,U0112-020,feature_used,progress_tracker
E002107,U0109,2026-02-14 09:23:00,2026-02-14,U0109-001,session_started,
E002108,U0109,2026-02-14 09:26:00,2026-02-14,U0109-001,lesson_started,
E000746,U0040,2026-02-14 09:28:00,2026-02-14,U0040-013,session_started,
E000406,U0020,2026-02-14 09:29:00,2026-02-14,U0020-000,feature_used,template_library
E000407,U0020,2026-02-14 09:30:00,2026-02-14,U0020-000,feature_used,progress_tracker
E000747,U0040,2026-02-14 09:30:00,2026-02-14,U0040-013,project_created,
E000408,U0020,2026-02-14 09:31:00,2026-02-14,U0020-000,feature_used,collaboration
E000748,U0040,2026-02-14 09:31:00,2026-02-14,U0040-013,lesson_started,
E000749,U0040,2026-02-14 09:36:00,2026-02-14,U0040-013,lesson_completed,
E002109,U0109,2026-02-14 09:38:00,2026-02-14,U0109-001,feature_used,template_library
E000243,U0012,2026-02-14 09:39:00,2026-02-14,U0012-002,session_started,
E000244,U0012,2026-02-14 09:42:00,2026-02-14,U0012-002,lesson_started,
E000750,U0040,2026-02-14 09:43:00,2026-02-14,U0040-013,feature_used,template_library
E000245,U0012,2026-02-14 09:47:00,2026-02-14,U0012-002,lesson_completed,
E000325,U0017,2026-02-14 09:49:00,2026-02-14,U0017-009,session_started,
E000246,U0012,2026-02-14 09:51:00,2026-02-14,U0012-002,project_shared,
E000326,U0017,2026-02-14 09:52:00,2026-02-14,U0017-009,lesson_started,
E000327,U0017,2026-02-14 10:05:00,2026-02-14,U0017-009,feature_used,progress_tracker
E001913,U0098,2026-02-15 08:00:00,2026-02-15,,signed_up,
E002070,U0108,2026-02-15 08:00:00,2026-02-15,,signed_up,
E002071,U0108,2026-02-15 09:07:00,2026-02-15,U0108-000,session_started,
E002072,U0108,2026-02-15 09:09:00,2026-02-15,U0108-000,project_created,
E002073,U0108,2026-02-15 09:10:00,2026-02-15,U0108-000,lesson_started,
E001069,U0059,2026-02-15 09:15:00,2026-02-15,U0059-012,session_started,
E002074,U0108,2026-02-15 09:15:00,2026-02-15,U0108-000,lesson_completed,
E001070,U0059,2026-02-15 09:18:00,2026-02-15,U0059-012,lesson_started,
E001649,U0086,2026-02-15 09:19:00,2026-02-15,U0086-040,session_started,
E001650,U0086,2026-02-15 09:22:00,2026-02-15,U0086-040,lesson_started,
E001071,U0059,2026-02-15 09:27:00,2026-02-15,U0059-012,project_shared,
E001651,U0086,2026-02-15 09:27:00,2026-02-15,U0086-040,lesson_completed,
E001072,U0059,2026-02-15 09:30:00,2026-02-15,U0059-012,feature_used,template_library
E000124,U0006,2026-02-15 09:31:00,2026-02-15,U0006-036,session_started,
E000125,U0006,2026-02-15 09:34:00,2026-02-15,U0006-036,lesson_started,
E000126,U0006,2026-02-15 09:46:00,2026-02-15,U0006-036,feature_used,template_library
E000127,U0006,2026-02-15 09:47:00,2026-02-15,U0006-036,feature_used,progress_tracker
E001914,U0098,2026-02-15 09:54:00,2026-02-15,U0098-000,session_started,
E001915,U0098,2026-02-15 09:57:00,2026-02-15,U0098-000,lesson_started,
E001916,U0098,2026-02-15 10:09:00,2026-02-15,U0098-000,feature_used,template_library
E001917,U0098,2026-02-15 10:10:00,2026-02-15,U0098-000,feature_used,progress_tracker
E000001,U0001,2026-02-16 08:00:00,2026-02-16,,signed_up,
E000776,U0042,2026-02-16 08:00:00,2026-02-16,,signed_up,
E001444,U0078,2026-02-16 09:09:00,2026-02-16,U0078-005,session_started,
E000002,U0001,2026-02-16 09:10:00,2026-02-16,U0001-000,session_started,
E001445,U0078,2026-02-16 09:11:00,2026-02-16,U0078-005,project_created,
E000003,U0001,2026-02-16 09:12:00,2026-02-16,U0001-000,project_created,
E001446,U0078,2026-02-16 09:12:00,2026-02-16,U0078-005,lesson_started,
E000004,U0001,2026-02-16 09:13:00,2026-02-16,U0001-000,lesson_started,
E000777,U0042,2026-02-16 09:13:00,2026-02-16,U0042-000,session_started,
E000778,U0042,2026-02-16 09:15:00,2026-02-16,U0042-000,project_created,
E000779,U0042,2026-02-16 09:16:00,2026-02-16,U0042-000,lesson_started,
E001816,U0092,2026-02-16 09:25:00,2026-02-16,U0092-022,session_started,
E000005,U0001,2026-02-16 09:26:00,2026-02-16,U0001-000,feature_used,progress_tracker
E001817,U0092,2026-02-16 09:28:00,2026-02-16,U0092-022,lesson_started,
E000780,U0042,2026-02-16 09:29:00,2026-02-16,U0042-000,feature_used,progress_tracker
E000589,U0030,2026-02-16 09:32:00,2026-02-16,U0030-039,session_started,
E001818,U0092,2026-02-16 09:33:00,2026-02-16,U0092-022,lesson_completed,
E000590,U0030,2026-02-16 09:35:00,2026-02-16,U0030-039,lesson_started,
E000913,U0051,2026-02-16 09:38:00,2026-02-16,U0051-014,session_started,
E001819,U0092,2026-02-16 09:40:00,2026-02-16,U0092-022,feature_used,template_library
E000914,U0051,2026-02-16 09:41:00,2026-02-16,U0051-014,lesson_started,
E001820,U0092,2026-02-16 09:41:00,2026-02-16,U0092-022,feature_used,progress_tracker
E001680,U0087,2026-02-16 09:42:00,2026-02-16,U0087-028,session_started,
E001821,U0092,2026-02-16 09:42:00,2026-02-16,U0092-022,feature_used,collaboration
E001681,U0087,2026-02-16 09:45:00,2026-02-16,U0087-028,lesson_started,
E000473,U0024,2026-02-16 09:48:00,2026-02-16,U0024-004,session_started,
E000474,U0024,2026-02-16 09:51:00,2026-02-16,U0024-004,lesson_started,
E000167,U0008,2026-02-16 09:53:00,2026-02-16,U0008-042,session_started,
E000915,U0051,2026-02-16 09:53:00,2026-02-16,U0051-014,feature_used,template_library
E001599,U0084,2026-02-16 09:54:00,2026-02-16,U0084-030,session_started,
E000168,U0008,2026-02-16 09:56:00,2026-02-16,U0008-042,lesson_started,
E001600,U0084,2026-02-16 09:57:00,2026-02-16,U0084-030,lesson_started,
E001682,U0087,2026-02-16 09:58:00,2026-02-16,U0087-028,feature_used,progress_tracker
E000169,U0008,2026-02-16 10:01:00,2026-02-16,U0008-042,lesson_completed,
E000170,U0008,2026-02-16 10:05:00,2026-02-16,U0008-042,project_shared,
E000475,U0024,2026-02-16 10:05:00,2026-02-16,U0024-004,feature_used,collaboration
E000171,U0008,2026-02-16 10:08:00,2026-02-16,U0008-042,feature_used,template_library
E001930,U0099,2026-02-17 08:00:00,2026-02-17,,signed_up,
E002162,U0111,2026-02-17 09:19:00,2026-02-17,U0111-032,session_started,
E002163,U0111,2026-02-17 09:22:00,2026-02-17,U0111-032,lesson_started,
E002164,U0111,2026-02-17 09:27:00,2026-02-17,U0111-032,lesson_completed,
E001073,U0059,2026-02-17 09:30:00,2026-02-17,U0059-014,session_started,
E001074,U0059,2026-02-17 09:33:00,2026-02-17,U0059-014,lesson_started,
E000219,U0010,2026-02-17 09:38:00,2026-02-17,U0010-019,session_started,
E001047,U0058,2026-02-17 09:38:00,2026-02-17,U0058-029,session_started,
E000220,U0010,2026-02-17 09:41:00,2026-02-17,U0010-019,lesson_started,
E001048,U0058,2026-02-17 09:41:00,2026-02-17,U0058-029,lesson_started,
E000221,U0010,2026-02-17 09:46:00,2026-02-17,U0010-019,lesson_completed,
E001931,U0099,2026-02-17 09:46:00,2026-02-17,U0099-000,session_started,
E001932,U0099,2026-02-17 09:48:00,2026-02-17,U0099-000,project_created,
E001933,U0099,2026-02-17 09:49:00,2026-02-17,U0099-000,lesson_started,
E001049,U0058,2026-02-17 09:53:00,2026-02-17,U0058-029,feature_used,template_library
E001934,U0099,2026-02-17 10:01:00,2026-02-17,U0099-000,feature_used,template_library
E000277,U0014,2026-02-18 08:00:00,2026-02-18,,signed_up,
E001520,U0081,2026-02-18 08:00:00,2026-02-18,,signed_up,
E001521,U0081,2026-02-18 09:04:00,2026-02-18,U0081-000,session_started,
E001522,U0081,2026-02-18 09:07:00,2026-02-18,U0081-000,lesson_started,
E000916,U0051,2026-02-18 09:12:00,2026-02-18,U0051-016,session_started,
E000115,U0005,2026-02-18 09:15:00,2026-02-18,U0005-043,session_started,
E000917,U0051,2026-02-18 09:15:00,2026-02-18,U0051-016,lesson_started,
E000116,U0005,2026-02-18 09:18:00,2026-02-18,U0005-043,lesson_started,
E000278,U0014,2026-02-18 09:18:00,2026-02-18,U0014-000,session_started,
E000279,U0014,2026-02-18 09:20:00,2026-02-18,U0014-000,project_created,
E000280,U0014,2026-02-18 09:21:00,2026-02-18,U0014-000,lesson_started,
E001523,U0081,2026-02-18 09:21:00,2026-02-18,U0081-000,feature_used,collaboration
E001981,U0102,2026-02-18 09:21:00,2026-02-18,U0102-024,session_started,
E000117,U0005,2026-02-18 09:23:00,2026-02-18,U0005-043,lesson_completed,
E001982,U0102,2026-02-18 09:23:00,2026-02-18,U0102-024,project_created,
E001983,U0102,2026-02-18 09:24:00,2026-02-18,U0102-024,lesson_started,
E000281,U0014,2026-02-18 09:26:00,2026-02-18,U0014-000,lesson_completed,
E000118,U0005,2026-02-18 09:27:00,2026-02-18,U0005-043,project_shared,
E000918,U0051,2026-02-18 09:28:00,2026-02-18,U0051-016,feature_used,progress_tracker
E000282,U0014,2026-02-18 09:33:00,2026-02-18,U0014-000,feature_used,template_library
E000409,U0020,2026-02-18 09:41:00,2026-02-18,U0020-004,session_started,
E000410,U0020,2026-02-18 09:44:00,2026-02-18,U0020-004,lesson_started,
E001181,U0063,2026-02-18 09:45:00,2026-02-18,U0063-010,session_started,
E000591,U0030,2026-02-18 09:47:00,2026-02-18,U0030-041,session_started,
E001182,U0063,2026-02-18 09:48:00,2026-02-18,U0063-010,lesson_started,
E000592,U0030,2026-02-18 09:50:00,2026-02-18,U0030-041,lesson_started,
E002263,U0116,2026-02-18 09:52:00,2026-02-18,U0116-035,session_started,
E001183,U0063,2026-02-18 09:53:00,2026-02-18,U0063-010,lesson_completed,
E002264,U0116,2026-02-18 09:55:00,2026-02-18,U0116-035,lesson_started,
E001724,U0089,2026-02-19 08:00:00,2026-02-19,,signed_up,
E002018,U0104,2026-02-19 08:00:00,2026-02-19,,signed_up,
E001184,U0063,2026-02-19 09:02:00,2026-02-19,U0063-011,session_started,
E001357,U0071,2026-02-19 09:03:00,2026-02-19,U0071-024,session_started,
E001185,U0063,2026-02-19 09:05:00,2026-02-19,U0063-011,lesson_started,
E001358,U0071,2026-02-19 09:06:00,2026-02-19,U0071-024,lesson_started,
E002019,U0104,2026-02-19 09:10:00,2026-02-19,U0104-000,session_started,
E002020,U0104,2026-02-19 09:13:00,2026-02-19,U0104-000,lesson_started,
E001186,U0063,2026-02-19 09:14:00,2026-02-19,U0063-011,project_shared,
E001187,U0063,2026-02-19 09:18:00,2026-02-19,U0063-011,feature_used,progress_tracker
E001359,U0071,2026-02-19 09:19:00,2026-02-19,U0071-024,feature_used,progress_tracker
E000136,U0007,2026-02-19 09:30:00,2026-02-19,U0007-007,session_started,
E000137,U0007,2026-02-19 09:32:00,2026-02-19,U0007-007,project_created,
E000521,U0027,2026-02-19 09:32:00,2026-02-19,U0027-006,session_started,
E000138,U0007,2026-02-19 09:33:00,2026-02-19,U0007-007,lesson_started,
E001725,U0089,2026-02-19 09:34:00,2026-02-19,U0089-000,session_started,
E000522,U0027,2026-02-19 09:35:00,2026-02-19,U0027-006,lesson_started,
E001726,U0089,2026-02-19 09:36:00,2026-02-19,U0089-000,project_created,
E001727,U0089,2026-02-19 09:37:00,2026-02-19,U0089-000,lesson_started,
E000139,U0007,2026-02-19 09:38:00,2026-02-19,U0007-007,lesson_completed,
E000544,U0028,2026-02-19 09:40:00,2026-02-19,U0028-037,session_started,
E002165,U0111,2026-02-19 09:42:00,2026-02-19,U0111-034,session_started,
E000545,U0028,2026-02-19 09:43:00,2026-02-19,U0028-037,lesson_started,
E002166,U0111,2026-02-19 09:45:00,2026-02-19,U0111-034,lesson_started,
E000140,U0007,2026-02-19 09:46:00,2026-02-19,U0007-007,feature_used,progress_tracker
E000523,U0027,2026-02-19 09:47:00,2026-02-19,U0027-006,feature_used,template_library
E000328,U0017,2026-02-19 09:48:00,2026-02-19,U0017-014,session_started,
E001728,U0089,2026-02-19 09:49:00,2026-02-19,U0089-000,feature_used,template_library
E001729,U0089,2026-02-19 09:50:00,2026-02-19,U0089-000,feature_used,progress_tracker
E000329,U0017,2026-02-19 09:51:00,2026-02-19,U0017-014,lesson_started,
E002005,U0103,2026-02-19 09:52:00,2026-02-19,U0103-010,session_started,
E000546,U0028,2026-02-19 09:55:00,2026-02-19,U0028-037,feature_used,template_library
E002006,U0103,2026-02-19 09:55:00,2026-02-19,U0103-010,lesson_started,
E002236,U0114,2026-02-19 09:56:00,2026-02-19,U0114-045,session_started,
E002237,U0114,2026-02-19 09:59:00,2026-02-19,U0114-045,lesson_started,
E002007,U0103,2026-02-19 10:00:00,2026-02-19,U0103-010,lesson_completed,
E000330,U0017,2026-02-19 10:03:00,2026-02-19,U0017-014,feature_used,template_library
E000331,U0017,2026-02-19 10:04:00,2026-02-19,U0017-014,feature_used,progress_tracker
E002238,U0114,2026-02-19 10:08:00,2026-02-19,U0114-045,project_shared,
E002239,U0114,2026-02-19 10:12:00,2026-02-19,U0114-045,feature_used,progress_tracker
E002292,U0119,2026-02-20 08:00:00,2026-02-20,,signed_up,
E002075,U0108,2026-02-20 09:01:00,2026-02-20,U0108-005,session_started,
E002076,U0108,2026-02-20 09:04:00,2026-02-20,U0108-005,lesson_started,
E001139,U0061,2026-02-20 09:05:00,2026-02-20,U0061-037,session_started,
E000389,U0019,2026-02-20 09:06:00,2026-02-20,U0019-030,session_started,
E001140,U0061,2026-02-20 09:08:00,2026-02-20,U0061-037,lesson_started,
E000390,U0019,2026-02-20 09:09:00,2026-02-20,U0019-030,lesson_started,
E002293,U0119,2026-02-20 09:11:00,2026-02-20,U0119-000,session_started,
E002294,U0119,2026-02-20 09:14:00,2026-02-20,U0119-000,lesson_started,
E002311,U0120,2026-02-20 09:14:00,2026-02-20,U0120-037,session_started,
E002077,U0108,2026-02-20 09:16:00,2026-02-20,U0108-005,feature_used,template_library
E002078,U0108,2026-02-20 09:17:00,2026-02-20,U0108-005,feature_used,progress_tracker
E002312,U0120,2026-02-20 09:17:00,2026-02-20,U0120-037,lesson_started,
E000919,U0051,2026-02-20 09:18:00,2026-02-20,U0051-018,session_started,
E001141,U0061,2026-02-20 09:20:00,2026-02-20,U0061-037,feature_used,template_library
E000391,U0019,2026-02-20 09:21:00,2026-02-20,U0019-030,feature_used,template_library
E000920,U0051,2026-02-20 09:21:00,2026-02-20,U0051-018,lesson_started,
E002313,U0120,2026-02-20 09:22:00,2026-02-20,U0120-037,lesson_completed,
E002295,U0119,2026-02-20 09:27:00,2026-02-20,U0119-000,feature_used,progress_tracker
E002314,U0120,2026-02-20 09:29:00,2026-02-20,U0120-037,feature_used,template_library
E002315,U0120,2026-02-20 09:30:00,2026-02-20,U0120-037,feature_used,progress_tracker
E000921,U0051,2026-02-20 09:33:00,2026-02-20,U0051-018,feature_used,template_library
E002110,U0109,2026-02-20 09:33:00,2026-02-20,U0109-007,session_started,
E002111,U0109,2026-02-20 09:36:00,2026-02-20,U0109-007,lesson_started,
E001332,U0070,2026-02-20 09:46:00,2026-02-20,U0070-030,session_started,
E001333,U0070,2026-02-20 09:49:00,2026-02-20,U0070-030,lesson_started,
E002112,U0109,2026-02-20 09:49:00,2026-02-20,U0109-007,feature_used,progress_tracker
E000645,U0033,2026-02-20 09:50:00,2026-02-20,U0033-039,session_started,
E000646,U0033,2026-02-20 09:53:00,2026-02-20,U0033-039,lesson_started,
E001334,U0070,2026-02-20 09:54:00,2026-02-20,U0070-030,lesson_completed,
E001335,U0070,2026-02-20 10:02:00,2026-02-20,U0070-030,feature_used,progress_tracker
E000184,U0009,2026-02-21 08:00:00,2026-02-21,,signed_up,
E000229,U0011,2026-02-21 08:00:00,2026-02-21,,signed_up,
E001149,U0062,2026-02-21 08:00:00,2026-02-21,,signed_up,
E001849,U0094,2026-02-21 08:00:00,2026-02-21,,signed_up,
E001150,U0062,2026-02-21 09:01:00,2026-02-21,U0062-000,session_started,
E000676,U0035,2026-02-21 09:03:00,2026-02-21,U0035-041,session_started,
E001151,U0062,2026-02-21 09:04:00,2026-02-21,U0062-000,lesson_started,
E000677,U0035,2026-02-21 09:06:00,2026-02-21,U0035-041,lesson_started,
E000813,U0044,2026-02-21 09:07:00,2026-02-21,U0044-027,session_started,
E001850,U0094,2026-02-21 09:07:00,2026-02-21,U0094-000,session_started,
E001368,U0072,2026-02-21 09:09:00,2026-02-21,U0072-016,session_started,
E000814,U0044,2026-02-21 09:10:00,2026-02-21,U0044-027,lesson_started,
E001851,U0094,2026-02-21 09:10:00,2026-02-21,U0094-000,lesson_started,
E001369,U0072,2026-02-21 09:11:00,2026-02-21,U0072-016,project_created,
E001984,U0102,2026-02-21 09:11:00,2026-02-21,U0102-027,session_started,
E001370,U0072,2026-02-21 09:12:00,2026-02-21,U0072-016,lesson_started,
E001985,U0102,2026-02-21 09:14:00,2026-02-21,U0102-027,lesson_started,
E000034,U0003,2026-02-21 09:15:00,2026-02-21,U0003-041,session_started,
E001152,U0062,2026-02-21 09:16:00,2026-02-21,U0062-000,feature_used,template_library
E001153,U0062,2026-02-21 09:17:00,2026-02-21,U0062-000,feature_used,progress_tracker
E000035,U0003,2026-02-21 09:18:00,2026-02-21,U0003-041,lesson_started,
E002240,U0114,2026-02-21 09:21:00,2026-02-21,U0114-047,session_started,
E000815,U0044,2026-02-21 09:22:00,2026-02-21,U0044-027,feature_used,template_library
E001955,U0100,2026-02-21 09:22:00,2026-02-21,U0100-011,session_started,
E001852,U0094,2026-02-21 09:23:00,2026-02-21,U0094-000,feature_used,progress_tracker
E000816,U0044,2026-02-21 09:24:00,2026-02-21,U0044-027,feature_used,collaboration
E001371,U0072,2026-02-21 09:24:00,2026-02-21,U0072-016,feature_used,template_library
E002241,U0114,2026-02-21 09:24:00,2026-02-21,U0114-047,lesson_started,
E001956,U0100,2026-02-21 09:25:00,2026-02-21,U0100-011,lesson_started,
E001986,U0102,2026-02-21 09:26:00,2026-02-21,U0102-027,feature_used,template_library
E000230,U0011,2026-02-21 09:27:00,2026-02-21,U0011-000,session_started,
E002167,U0111,2026-02-21 09:27:00,2026-02-21,U0111-036,session_started,
E001987,U0102,2026-02-21 09:28:00,2026-02-21,U0102-027,feature_used,collaboration
E002242,U0114,2026-02-21 09:29:00,2026-02-21,U0114-047,lesson_completed,
E000185,U0009,2026-02-21 09:30:00,2026-02-21,U0009-000,session_started,
E000231,U0011,2026-02-21 09:30:00,2026-02-21,U0011-000,lesson_started,
E001957,U0100,2026-02-21 09:30:00,2026-02-21,U0100-011,lesson_completed,
E002168,U0111,2026-02-21 09:30:00,2026-02-21,U0111-036,lesson_started,
E000186,U0009,2026-02-21 09:33:00,2026-02-21,U0009-000,lesson_started,
E002243,U0114,2026-02-21 09:36:00,2026-02-21,U0114-047,feature_used,template_library
E002244,U0114,2026-02-21 09:37:00,2026-02-21,U0114-047,feature_used,progress_tracker
E002316,U0120,2026-02-21 09:37:00,2026-02-21,U0120-038,session_started,
E002317,U0120,2026-02-21 09:40:00,2026-02-21,U0120-038,lesson_started,
E000232,U0011,2026-02-21 09:42:00,2026-02-21,U0011-000,feature_used,template_library
E002169,U0111,2026-02-21 09:42:00,2026-02-21,U0111-036,feature_used,template_library
E002170,U0111,2026-02-21 09:43:00,2026-02-21,U0111-036,feature_used,progress_tracker
E002296,U0119,2026-02-21 09:43:00,2026-02-21,U0119-001,session_started,
E001485,U0079,2026-02-21 09:45:00,2026-02-21,U0079-041,session_started,
E002318,U0120,2026-02-21 09:45:00,2026-02-21,U0120-038,lesson_completed,
E002297,U0119,2026-02-21 09:46:00,2026-02-21,U0119-001,lesson_started,
E001486,U0079,2026-02-21 09:48:00,2026-02-21,U0079-041,lesson_started,
E001487,U0079,2026-02-21 09:53:00,2026-02-21,U0079-041,lesson_completed,
E001488,U0079,2026-02-21 10:00:00,2026-02-21,U0079-041,feature_used,template_library
E000755,U0041,2026-02-22 08:00:00,2026-02-22,,signed_up,
E001270,U0068,2026-02-22 08:00:00,2026-02-22,,signed_up,
E002137,U0110,2026-02-22 08:00:00,2026-02-22,,signed_up,
E001406,U0074,2026-02-22 09:00:00,2026-02-22,U0074-022,session_started,
E001407,U0074,2026-02-22 09:03:00,2026-02-22,U0074-022,lesson_started,
E002138,U0110,2026-02-22 09:08:00,2026-02-22,U0110-000,session_started,
E002139,U0110,2026-02-22 09:11:00,2026-02-22,U0110-000,lesson_started,
E000247,U0012,2026-02-22 09:16:00,2026-02-22,U0012-010,session_started,
E000678,U0035,2026-02-22 09:18:00,2026-02-22,U0035-042,session_started,
E000248,U0012,2026-02-22 09:19:00,2026-02-22,U0012-010,lesson_started,
E001271,U0068,2026-02-22 09:19:00,2026-02-22,U0068-000,session_started,
E000172,U0008,2026-02-22 09:20:00,2026-02-22,U0008-048,session_started,
E000679,U0035,2026-02-22 09:21:00,2026-02-22,U0035-042,lesson_started,
E001272,U0068,2026-02-22 09:21:00,2026-02-22,U0068-000,project_created,
E001273,U0068,2026-02-22 09:22:00,2026-02-22,U0068-000,lesson_started,
E000173,U0008,2026-02-22 09:23:00,2026-02-22,U0008-048,lesson_started,
E002140,U0110,2026-02-22 09:23:00,2026-02-22,U0110-000,feature_used,template_library
E000249,U0012,2026-02-22 09:24:00,2026-02-22,U0012-010,lesson_completed,
E002141,U0110,2026-02-22 09:25:00,2026-02-22,U0110-000,feature_used,collaboration
E001274,U0068,2026-02-22 09:27:00,2026-02-22,U0068-000,lesson_completed,
E000250,U0012,2026-02-22 09:32:00,2026-02-22,U0012-010,feature_used,progress_tracker
E000174,U0008,2026-02-22 09:35:00,2026-02-22,U0008-048,feature_used,template_library
E000680,U0035,2026-02-22 09:35:00,2026-02-22,U0035-042,feature_used,collaboration
E000175,U0008,2026-02-22 09:37:00,2026-02-22,U0008-048,feature_used,collaboration
E000756,U0041,2026-02-22 09:37:00,2026-02-22,U0041-000,session_started,
E000757,U0041,2026-02-22 09:39:00,2026-02-22,U0041-000,project_created,
E000758,U0041,2026-02-22 09:40:00,2026-02-22,U0041-000,lesson_started,
E000759,U0041,2026-02-22 09:45:00,2026-02-22,U0041-000,lesson_completed,
E000760,U0041,2026-02-22 09:53:00,2026-02-22,U0041-000,feature_used,progress_tracker
E000187,U0009,2026-02-22 09:59:00,2026-02-22,U0009-001,session_started,
E000188,U0009,2026-02-22 10:01:00,2026-02-22,U0009-001,project_created,
E000189,U0009,2026-02-22 10:02:00,2026-02-22,U0009-001,lesson_started,
E000190,U0009,2026-02-22 10:07:00,2026-02-22,U0009-001,lesson_completed,
E000191,U0009,2026-02-22 10:11:00,2026-02-22,U0009-001,project_shared,
E000192,U0009,2026-02-22 10:14:00,2026-02-22,U0009-001,feature_used,template_library
E000688,U0036,2026-02-23 08:00:00,2026-02-23,,signed_up,
E001538,U0082,2026-02-23 08:00:00,2026-02-23,,signed_up,
E002048,U0107,2026-02-23 08:00:00,2026-02-23,,signed_up,
E002245,U0115,2026-02-23 08:00:00,2026-02-23,,signed_up,
E002049,U0107,2026-02-23 09:02:00,2026-02-23,U0107-000,session_started,
E000689,U0036,2026-02-23 09:03:00,2026-02-23,U0036-000,session_started,
E002050,U0107,2026-02-23 09:04:00,2026-02-23,U0107-000,project_created,
E002051,U0107,2026-02-23 09:05:00,2026-02-23,U0107-000,lesson_started,
E000690,U0036,2026-02-23 09:06:00,2026-02-23,U0036-000,lesson_started,
E001539,U0082,2026-02-23 09:09:00,2026-02-23,U0082-000,session_started,
E001524,U0081,2026-02-23 09:11:00,2026-02-23,U0081-005,session_started,
E001540,U0082,2026-02-23 09:12:00,2026-02-23,U0082-000,lesson_started,
E001525,U0081,2026-02-23 09:13:00,2026-02-23,U0081-005,project_created,
E001526,U0081,2026-02-23 09:14:00,2026-02-23,U0081-005,lesson_started,
E002052,U0107,2026-02-23 09:17:00,2026-02-23,U0107-000,feature_used,template_library
E000691,U0036,2026-02-23 09:18:00,2026-02-23,U0036-000,feature_used,template_library
E002053,U0107,2026-02-23 09:18:00,2026-02-23,U0107-000,feature_used,progress_tracker
E001527,U0081,2026-02-23 09:19:00,2026-02-23,U0081-005,lesson_completed,
E002246,U0115,2026-02-23 09:19:00,2026-02-23,U0115-000,session_started,
E002247,U0115,2026-02-23 09:21:00,2026-02-23,U0115-000,project_created,
E000283,U0014,2026-02-23 09:22:00,2026-02-23,U0014-005,session_started,
E002248,U0115,2026-02-23 09:22:00,2026-02-23,U0115-000,lesson_started,
E001541,U0082,2026-02-23 09:24:00,2026-02-23,U0082-000,feature_used,template_library
E000284,U0014,2026-02-23 09:25:00,2026-02-23,U0014-005,lesson_started,
E002249,U0115,2026-02-23 09:27:00,2026-02-23,U0115-000,lesson_completed,
E000488,U0025,2026-02-23 09:30:00,2026-02-23,U0025-020,session_started,
E000489,U0025,2026-02-23 09:33:00,2026-02-23,U0025-020,lesson_started,
E000285,U0014,2026-02-23 09:37:00,2026-02-23,U0014-005,feature_used,template_library
E000490,U0025,2026-02-23 09:38:00,2026-02-23,U0025-020,lesson_completed,
E000233,U0011,2026-02-23 09:39:00,2026-02-23,U0011-002,session_started,
E000234,U0011,2026-02-23 09:42:00,2026-02-23,U0011-002,lesson_started,
E000337,U0018,2026-02-24 08:00:00,2026-02-24,,signed_up,
E001897,U0097,2026-02-24 08:00:00,2026-02-24,,signed_up,
E001898,U0097,2026-02-24 09:10:00,2026-02-24,U0097-000,session_started,
E001899,U0097,2026-02-24 09:12:00,2026-02-24,U0097-000,project_created,
E001900,U0097,2026-02-24 09:13:00,2026-02-24,U0097-000,lesson_started,
E000338,U0018,2026-02-24 09:14:00,2026-02-24,U0018-000,session_started,
E000339,U0018,2026-02-24 09:16:00,2026-02-24,U0018-000,project_created,
E000340,U0018,2026-02-24 09:17:00,2026-02-24,U0018-000,lesson_started,
E001901,U0097,2026-02-24 09:18:00,2026-02-24,U0097-000,lesson_completed,
E000341,U0018,2026-02-24 09:29:00,2026-02-24,U0018-000,feature_used,template_library
E000342,U0018,2026-02-24 09:30:00,2026-02-24,U0018-000,feature_used,progress_tracker
E002171,U0111,2026-02-24 09:37:00,2026-02-24,U0111-039,session_started,
E001853,U0094,2026-02-24 09:39:00,2026-02-24,U0094-003,session_started,
E002172,U0111,2026-02-24 09:40:00,2026-02-24,U0111-039,lesson_started,
E001652,U0086,2026-02-24 09:41:00,2026-02-24,U0086-049,session_started,
E002079,U0108,2026-02-24 09:41:00,2026-02-24,U0108-009,session_started,
E001708,U0088,2026-02-24 09:42:00,2026-02-24,U0088-018,session_started,
E001854,U0094,2026-02-24 09:42:00,2026-02-24,U0094-003,lesson_started,
E001653,U0086,2026-02-24 09:44:00,2026-02-24,U0086-049,lesson_started,
E002080,U0108,2026-02-24 09:44:00,2026-02-24,U0108-009,lesson_started,
E001709,U0088,2026-02-24 09:45:00,2026-02-24,U0088-018,lesson_started,
E002173,U0111,2026-02-24 09:45:00,2026-02-24,U0111-039,lesson_completed,
E002081,U0108,2026-02-24 09:49:00,2026-02-24,U0108-009,lesson_completed,
E001710,U0088,2026-02-24 09:50:00,2026-02-24,U0088-018,lesson_completed,
E002082,U0108,2026-02-24 09:53:00,2026-02-24,U0108-009,project_shared,
E001855,U0094,2026-02-24 09:55:00,2026-02-24,U0094-003,feature_used,progress_tracker
E001099,U0060,2026-02-24 09:57:00,2026-02-24,U0060-047,session_started,
E001654,U0086,2026-02-24 09:57:00,2026-02-24,U0086-049,feature_used,progress_tracker
E002083,U0108,2026-02-24 09:57:00,2026-02-24,U0108-009,feature_used,progress_tracker
E001100,U0060,2026-02-24 10:00:00,2026-02-24,U0060-047,lesson_started,
E001101,U0060,2026-02-24 10:05:00,2026-02-24,U0060-047,lesson_completed,
E000697,U0037,2026-02-25 08:00:00,2026-02-25,,signed_up,
E000826,U0045,2026-02-25 08:00:00,2026-02-25,,signed_up,
E000853,U0047,2026-02-25 08:00:00,2026-02-25,,signed_up,
E001287,U0069,2026-02-25 08:00:00,2026-02-25,,signed_up,
E001967,U0101,2026-02-25 08:00:00,2026-02-25,,signed_up,
E000698,U0037,2026-02-25 09:01:00,2026-02-25,U0037-000,session_started,
E000699,U0037,2026-02-25 09:04:00,2026-02-25,U0037-000,lesson_started,
E000176,U0008,2026-02-25 09:06:00,2026-02-25,U0008-051,session_started,
E001032,U0057,2026-02-25 09:07:00,2026-02-25,U0057-045,session_started,
E001288,U0069,2026-02-25 09:07:00,2026-02-25,U0069-000,session_started,
E000177,U0008,2026-02-25 09:09:00,2026-02-25,U0008-051,lesson_started,
E001289,U0069,2026-02-25 09:09:00,2026-02-25,U0069-000,project_created,
E001033,U0057,2026-02-25 09:10:00,2026-02-25,U0057-045,lesson_started,
E001290,U0069,2026-02-25 09:10:00,2026-02-25,U0069-000,lesson_started,
E000178,U0008,2026-02-25 09:14:00,2026-02-25,U0008-051,lesson_completed,
E001034,U0057,2026-02-25 09:15:00,2026-02-25,U0057-045,lesson_completed,
E001291,U0069,2026-02-25 09:15:00,2026-02-25,U0069-000,lesson_completed,
E000267,U0013,2026-02-25 09:16:00,2026-02-25,U0013-036,session_started,
E000700,U0037,2026-02-25 09:16:00,2026-02-25,U0037-000,feature_used,template_library
E000701,U0037,2026-02-25 09:17:00,2026-02-25,U0037-000,feature_used,progress_tracker
E001968,U0101,2026-02-25 09:18:00,2026-02-25,U0101-000,session_started,
E000268,U0013,2026-02-25 09:19:00,2026-02-25,U0013-036,lesson_started,
E000179,U0008,2026-02-25 09:21:00,2026-02-25,U0008-051,feature_used,template_library
E001969,U0101,2026-02-25 09:21:00,2026-02-25,U0101-000,lesson_started,
E001035,U0057,2026-02-25 09:22:00,2026-02-25,U0057-045,feature_used,template_library
E001036,U0057,2026-02-25 09:23:00,2026-02-25,U0057-045,feature_used,progress_tracker
E001447,U0078,2026-02-25 09:32:00,2026-02-25,U0078-014,session_started,
E000006,U0001,2026-02-25 09:33:00,2026-02-25,U0001-009,session_started,
E000854,U0047,2026-02-25 09:33:00,2026-02-25,U0047-000,session_started,
E001856,U0094,2026-02-25 09:33:00,2026-02-25,U0094-004,session_started,
E002084,U0108,2026-02-25 09:33:00,2026-02-25,U0108-010,session_started,
E000855,U0047,2026-02-25 09:35:00,2026-02-25,U0047-000,project_created,
E001448,U0078,2026-02-25 09:35:00,2026-02-25,U0078-014,lesson_started,
E001857,U0094,2026-02-25 09:35:00,2026-02-25,U0094-004,project_created,
E000007,U0001,2026-02-25 09:36:00,2026-02-25,U0001-009,lesson_started,
E000856,U0047,2026-02-25 09:36:00,2026-02-25,U0047-000,lesson_started,
E001858,U0094,2026-02-25 09:36:00,2026-02-25,U0094-004,lesson_started,
E002085,U0108,2026-02-25 09:36:00,2026-02-25,U0108-010,lesson_started,
E002174,U0111,2026-02-25 09:37:00,2026-02-25,U0111-040,session_started,
E002175,U0111,2026-02-25 09:40:00,2026-02-25,U0111-040,lesson_started,
E002086,U0108,2026-02-25 09:41:00,2026-02-25,U0108-010,lesson_completed,
E001275,U0068,2026-02-25 09:44:00,2026-02-25,U0068-003,session_started,
E001276,U0068,2026-02-25 09:47:00,2026-02-25,U0068-003,lesson_started,
E000008,U0001,2026-02-25 09:48:00,2026-02-25,U0001-009,feature_used,template_library
E000827,U0045,2026-02-25 09:48:00,2026-02-25,U0045-000,session_started,
E000857,U0047,2026-02-25 09:48:00,2026-02-25,U0047-000,feature_used,template_library
E002087,U0108,2026-02-25 09:48:00,2026-02-25,U0108-010,feature_used,template_library
E000828,U0045,2026-02-25 09:51:00,2026-02-25,U0045-000,lesson_started,
E001277,U0068,2026-02-25 09:52:00,2026-02-25,U0068-003,lesson_completed,
E002176,U0111,2026-02-25 09:52:00,2026-02-25,U0111-040,feature_used,template_library
E001278,U0068,2026-02-25 09:59:00,2026-02-25,U0068-003,feature_used,template_library
E000829,U0045,2026-02-25 10:05:00,2026-02-25,U0045-000,feature_used,collaboration
E002024,U0105,2026-02-26 08:00:00,2026-02-26,,signed_up,
E002025,U0105,2026-02-26 09:12:00,2026-02-26,U0105-000,session_started,
E002026,U0105,2026-02-26 09:15:00,2026-02-26,U0105-000,lesson_started,
E001777,U0091,2026-02-26 09:18:00,2026-02-26,U0091-033,session_started,
E000593,U0030,2026-02-26 09:20:00,2026-02-26,U0030-049,session_started,
E001778,U0091,2026-02-26 09:20:00,2026-02-26,U0091-033,project_created,
E001779,U0091,2026-02-26 09:21:00,2026-02-26,U0091-033,lesson_started,
E000180,U0008,2026-02-26 09:22:00,2026-02-26,U0008-052,session_started,
E000594,U0030,2026-02-26 09:23:00,2026-02-26,U0030-049,lesson_started,
E000761,U0041,2026-02-26 09:24:00,2026-02-26,U0041-004,session_started,
E000181,U0008,2026-02-26 09:25:00,2026-02-26,U0008-052,lesson_started,
E000762,U0041,2026-02-26 09:27:00,2026-02-26,U0041-004,lesson_started,
E002027,U0105,2026-02-26 09:27:00,2026-02-26,U0105-000,feature_used,template_library
E000595,U0030,2026-02-26 09:35:00,2026-02-26,U0030-049,feature_used,template_library
E002177,U0111,2026-02-26 09:36:00,2026-02-26,U0111-041,session_started,
E000182,U0008,2026-02-26 09:37:00,2026-02-26,U0008-052,feature_used,template_library
E000183,U0008,2026-02-26 09:38:00,2026-02-26,U0008-052,feature_used,progress_tracker
E002178,U0111,2026-02-26 09:39:00,2026-02-26,U0111-041,lesson_started,
E000763,U0041,2026-02-26 09:40:00,2026-02-26,U0041-004,feature_used,progress_tracker
E002179,U0111,2026-02-26 09:48:00,2026-02-26,U0111-041,project_shared,
E002180,U0111,2026-02-26 09:52:00,2026-02-26,U0111-041,feature_used,progress_tracker
E001292,U0069,2026-02-26 09:56:00,2026-02-26,U0069-001,session_started,
E000440,U0022,2026-02-26 09:59:00,2026-02-26,U0022-023,session_started,
E000547,U0028,2026-02-26 09:59:00,2026-02-26,U0028-044,session_started,
E001293,U0069,2026-02-26 09:59:00,2026-02-26,U0069-001,lesson_started,
E000441,U0022,2026-02-26 10:02:00,2026-02-26,U0022-023,lesson_started,
E000548,U0028,2026-02-26 10:02:00,2026-02-26,U0028-044,lesson_started,
E001294,U0069,2026-02-26 10:04:00,2026-02-26,U0069-001,lesson_completed,
E001295,U0069,2026-02-26 10:12:00,2026-02-26,U0069-001,feature_used,progress_tracker
E000442,U0022,2026-02-26 10:14:00,2026-02-26,U0022-023,feature_used,template_library
E000549,U0028,2026-02-26 10:15:00,2026-02-26,U0028-044,feature_used,progress_tracker
E001379,U0073,2026-02-27 08:00:00,2026-02-27,,signed_up,
E001415,U0076,2026-02-27 08:00:00,2026-02-27,,signed_up,
E002054,U0107,2026-02-27 09:14:00,2026-02-27,U0107-004,session_started,
E001267,U0067,2026-02-27 09:15:00,2026-02-27,U0067-049,session_started,
E002021,U0104,2026-02-27 09:16:00,2026-02-27,U0104-008,session_started,
E002055,U0107,2026-02-27 09:17:00,2026-02-27,U0107-004,lesson_started,
E001268,U0067,2026-02-27 09:18:00,2026-02-27,U0067-049,lesson_started,
E002022,U0104,2026-02-27 09:19:00,2026-02-27,U0104-008,lesson_started,
E000491,U0025,2026-02-27 09:21:00,2026-02-27,U0025-024,session_started,
E001416,U0076,2026-02-27 09:21:00,2026-02-27,U0076-000,session_started,
E001417,U0076,2026-02-27 09:23:00,2026-02-27,U0076-000,project_created,
E000492,U0025,2026-02-27 09:24:00,2026-02-27,U0025-024,lesson_started,
E001418,U0076,2026-02-27 09:24:00,2026-02-27,U0076-000,lesson_started,
E001154,U0062,2026-02-27 09:29:00,2026-02-27,U0062-006,session_started,
E001269,U0067,2026-02-27 09:31:00,2026-02-27,U0067-049,feature_used,progress_tracker
E001155,U0062,2026-02-27 09:32:00,2026-02-27,U0062-006,lesson_started,
E002023,U0104,2026-02-27 09:32:00,2026-02-27,U0104-008,feature_used,progress_tracker
E000887,U0049,2026-02-27 09:35:00,2026-02-27,U0049-025,session_started,
E001419,U0076,2026-02-27 09:36:00,2026-02-27,U0076-000,feature_used,template_library
E001420,U0076,2026-02-27 09:37:00,2026-02-27,U0076-000,feature_used,progress_tracker
E000493,U0025,2026-02-27 09:38:00,2026-02-27,U0025-024,feature_used,collaboration
E000888,U0049,2026-02-27 09:38:00,2026-02-27,U0049-025,lesson_started,
E001421,U0076,2026-02-27 09:38:00,2026-02-27,U0076-000,feature_used,collaboration
E001156,U0062,2026-02-27 09:45:00,2026-02-27,U0062-006,feature_used,progress_tracker
E000251,U0012,2026-02-27 09:47:00,2026-02-27,U0012-015,session_started,
E000252,U0012,2026-02-27 09:50:00,2026-02-27,U0012-015,lesson_started,
E000141,U0007,2026-02-27 09:51:00,2026-02-27,U0007-015,session_started,
E000889,U0049,2026-02-27 09:51:00,2026-02-27,U0049-025,feature_used,progress_tracker
E000142,U0007,2026-02-27 09:54:00,2026-02-27,U0007-015,lesson_started,
E000253,U0012,2026-02-27 09:55:00,2026-02-27,U0012-015,lesson_completed,
E001279,U0068,2026-02-27 09:57:00,2026-02-27,U0068-005,session_started,
E001380,U0073,2026-02-27 09:59:00,2026-02-27,U0073-000,session_started,
E001280,U0068,2026-02-27 10:00:00,2026-02-27,U0068-005,lesson_started,
E001381,U0073,2026-02-27 10:01:00,2026-02-27,U0073-000,project_created,
E000254,U0012,2026-02-27 10:02:00,2026-02-27,U0012-015,feature_used,template_library
E001382,U0073,2026-02-27 10:02:00,2026-02-27,U0073-000,lesson_started,
E000143,U0007,2026-02-27 10:07:00,2026-02-27,U0007-015,feature_used,progress_tracker
E001281,U0068,2026-02-27 10:12:00,2026-02-27,U0068-005,feature_used,template_library
E001383,U0073,2026-02-27 10:14:00,2026-02-27,U0073-000,feature_used,template_library
E000506,U0026,2026-02-28 08:00:00,2026-02-28,,signed_up,
E000785,U0043,2026-02-28 08:00:00,2026-02-28,,signed_up,
E000786,U0043,2026-02-28 09:04:00,2026-02-28,U0043-000,session_started,
E001050,U0058,2026-02-28 09:04:00,2026-02-28,U0058-040,session_started,
E000787,U0043,2026-02-28 09:07:00,2026-02-28,U0043-000,lesson_started,
E001051,U0058,2026-02-28 09:07:00,2026-02-28,U0058-040,lesson_started,
E001449,U0078,2026-02-28 09:11:00,2026-02-28,U0078-017,session_started,
E001450,U0078,2026-02-28 09:14:00,2026-02-28,U0078-017,lesson_started,
E000392,U0019,2026-02-28 09:16:00,2026-02-28,U0019-038,session_started,
E000393,U0019,2026-02-28 09:19:00,2026-02-28,U0019-038,lesson_started,
E001142,U0061,2026-02-28 09:19:00,2026-02-28,U0061-045,session_started,
E001384,U0073,2026-02-28 09:19:00,2026-02-28,U0073-001,session_started,
E001451,U0078,2026-02-28 09:19:00,2026-02-28,U0078-017,lesson_completed,
E000788,U0043,2026-02-28 09:20:00,2026-02-28,U0043-000,feature_used,progress_tracker
E000789,U0043,2026-02-28 09:21:00,2026-02-28,U0043-000,feature_used,collaboration
E001143,U0061,2026-02-28 09:22:00,2026-02-28,U0061-045,lesson_started,
E001385,U0073,2026-02-28 09:22:00,2026-02-28,U0073-001,lesson_started,
E000394,U0019,2026-02-28 09:24:00,2026-02-28,U0019-038,lesson_completed,
E000235,U0011,2026-02-28 09:27:00,2026-02-28,U0011-007,session_started,
E000343,U0018,2026-02-28 09:27:00,2026-02-28,U0018-004,session_started,
E000236,U0011,2026-02-28 09:30:00,2026-02-28,U0011-007,lesson_started,
E000344,U0018,2026-02-28 09:30:00,2026-02-28,U0018-004,lesson_started,
E000395,U0019,2026-02-28 09:31:00,2026-02-28,U0019-038,feature_used,template_library
E000396,U0019,2026-02-28 09:32:00,2026-02-28,U0019-038,feature_used,progress_tracker
E000605,U0031,2026-02-28 09:36:00,2026-02-28,U0031-026,session_started,
E000606,U0031,2026-02-28 09:39:00,2026-02-28,U0031-026,lesson_started,
E002113,U0109,2026-02-28 09:40:00,2026-02-28,U0109-015,session_started,
E000237,U0011,2026-02-28 09:42:00,2026-02-28,U0011-007,feature_used,template_library
E000345,U0018,2026-02-28 09:42:00,2026-02-28,U0018-004,feature_used,template_library
E000346,U0018,2026-02-28 09:43:00,2026-02-28,U0018-004,feature_used,progress_tracker
E002114,U0109,2026-02-28 09:43:00,2026-02-28,U0109-015,lesson_started,
E002115,U0109,2026-02-28 09:48:00,2026-02-28,U0109-015,lesson_completed,
E002142,U0110,2026-02-28 09:48:00,2026-02-28,U0110-006,session_started,
E000193,U0009,2026-02-28 09:51:00,2026-02-28,U0009-007,session_started,
E002143,U0110,2026-02-28 09:51:00,2026-02-28,U0110-006,lesson_started,
E002116,U0109,2026-02-28 09:52:00,2026-02-28,U0109-015,project_shared,
E000507,U0026,2026-02-28 09:53:00,2026-02-28,U0026-000,session_started,
E000194,U0009,2026-02-28 09:54:00,2026-02-28,U0009-007,lesson_started,
E000508,U0026,2026-02-28 09:56:00,2026-02-28,U0026-000,lesson_started,
E002117,U0109,2026-02-28 09:56:00,2026-02-28,U0109-015,feature_used,progress_tracker
E002144,U0110,2026-02-28 10:03:00,2026-02-28,U0110-006,feature_used,template_library
E000195,U0009,2026-02-28 10:06:00,2026-02-28,U0009-007,feature_used,template_library
E000196,U0009,2026-02-28 10:07:00,2026-02-28,U0009-007,feature_used,progress_tracker
E000509,U0026,2026-02-28 10:08:00,2026-02-28,U0026-000,feature_used,template_library
E001248,U0066,2026-03-01 08:00:00,2026-03-01,,signed_up,
E001408,U0075,2026-03-01 08:00:00,2026-03-01,,signed_up,
E001430,U0077,2026-03-01 08:00:00,2026-03-01,,signed_up,
E000397,U0019,2026-03-01 09:03:00,2026-03-01,U0019-039,session_started,
E000398,U0019,2026-03-01 09:06:00,2026-03-01,U0019-039,lesson_started,
E000967,U0053,2026-03-01 09:06:00,2026-03-01,U0053-038,session_started,
E000968,U0053,2026-03-01 09:09:00,2026-03-01,U0053-038,lesson_started,
E000969,U0053,2026-03-01 09:14:00,2026-03-01,U0053-038,lesson_completed,
E001249,U0066,2026-03-01 09:17:00,2026-03-01,U0066-000,session_started,
E001542,U0082,2026-03-01 09:17:00,2026-03-01,U0082-006,session_started,
E000970,U0053,2026-03-01 09:18:00,2026-03-01,U0053-038,project_shared,
E001250,U0066,2026-03-01 09:20:00,2026-03-01,U0066-000,lesson_started,
E001543,U0082,2026-03-01 09:20:00,2026-03-01,U0082-006,lesson_started,
E000971,U0053,2026-03-01 09:21:00,2026-03-01,U0053-038,feature_used,template_library
E001409,U0075,2026-03-01 09:21:00,2026-03-01,U0075-000,session_started,
E000972,U0053,2026-03-01 09:23:00,2026-03-01,U0053-038,feature_used,collaboration
E001282,U0068,2026-03-01 09:23:00,2026-03-01,U0068-007,session_started,
E001410,U0075,2026-03-01 09:24:00,2026-03-01,U0075-000,lesson_started,
E001935,U0099,2026-03-01 09:24:00,2026-03-01,U0099-012,session_started,
E001283,U0068,2026-03-01 09:26:00,2026-03-01,U0068-007,lesson_started,
E001936,U0099,2026-03-01 09:27:00,2026-03-01,U0099-012,lesson_started,
E000903,U0050,2026-03-01 09:28:00,2026-03-01,U0050-030,session_started,
E002044,U0106,2026-03-01 09:30:00,2026-03-01,U0106-034,session_started,
E000904,U0050,2026-03-01 09:31:00,2026-03-01,U0050-030,lesson_started,
E001544,U0082,2026-03-01 09:32:00,2026-03-01,U0082-006,feature_used,template_library
E001937,U0099,2026-03-01 09:32:00,2026-03-01,U0099-012,lesson_completed,
E001251,U0066,2026-03-01 09:33:00,2026-03-01,U0066-000,feature_used,progress_tracker
E002045,U0106,2026-03-01 09:33:00,2026-03-01,U0106-034,lesson_started,
E001252,U0066,2026-03-01 09:34:00,2026-03-01,U0066-000,feature_used,collaboration
E001938,U0099,2026-03-01 09:40:00,2026-03-01,U0099-012,feature_used,progress_tracker
E001918,U0098,2026-03-01 09:42:00,2026-03-01,U0098-014,session_started,
E000905,U0050,2026-03-01 09:43:00,2026-03-01,U0050-030,feature_used,template_library
E000906,U0050,2026-03-01 09:44:00,2026-03-01,U0050-030,feature_used,progress_tracker
E001919,U0098,2026-03-01 09:45:00,2026-03-01,U0098-014,lesson_started,
E002046,U0106,2026-03-01 09:45:00,2026-03-01,U0106-034,feature_used,template_library
E000713,U0038,2026-03-01 09:46:00,2026-03-01,U0038-030,session_started,
E002047,U0106,2026-03-01 09:46:00,2026-03-01,U0106-034,feature_used,progress_tracker
E000714,U0038,2026-03-01 09:49:00,2026-03-01,U0038-030,lesson_started,
E000311,U0016,2026-03-01 09:51:00,2026-03-01,U0016-017,session_started,
E001780,U0091,2026-03-01 09:51:00,2026-03-01,U0091-036,session_started,
E001431,U0077,2026-03-01 09:53:00,2026-03-01,U0077-000,session_started,
E000312,U0016,2026-03-01 09:54:00,2026-03-01,U0016-017,lesson_started,
E001781,U0091,2026-03-01 09:54:00,2026-03-01,U0091-036,lesson_started,
E001432,U0077,2026-03-01 09:55:00,2026-03-01,U0077-000,project_created,
E001433,U0077,2026-03-01 09:56:00,2026-03-01,U0077-000,lesson_started,
E001920,U0098,2026-03-01 09:57:00,2026-03-01,U0098-014,feature_used,template_library
E002028,U0105,2026-03-01 09:57:00,2026-03-01,U0105-003,session_started,
E000313,U0016,2026-03-01 09:59:00,2026-03-01,U0016-017,lesson_completed,
E002029,U0105,2026-03-01 09:59:00,2026-03-01,U0105-003,project_created,
E002030,U0105,2026-03-01 10:00:00,2026-03-01,U0105-003,lesson_started,
E000715,U0038,2026-03-01 10:01:00,2026-03-01,U0038-030,feature_used,template_library
E000716,U0038,2026-03-01 10:02:00,2026-03-01,U0038-030,feature_used,progress_tracker
E002031,U0105,2026-03-01 10:05:00,2026-03-01,U0105-003,lesson_completed,
E000314,U0016,2026-03-01 10:06:00,2026-03-01,U0016-017,feature_used,template_library
E000315,U0016,2026-03-01 10:07:00,2026-03-01,U0016-017,feature_used,progress_tracker
E001434,U0077,2026-03-01 10:09:00,2026-03-01,U0077-000,feature_used,progress_tracker
E002032,U0105,2026-03-01 10:09:00,2026-03-01,U0105-003,project_shared,
E001489,U0079,2026-03-02 09:01:00,2026-03-02,U0079-050,session_started,
E001490,U0079,2026-03-02 09:04:00,2026-03-02,U0079-050,lesson_started,
E001491,U0079,2026-03-02 09:09:00,2026-03-02,U0079-050,lesson_completed,
E001988,U0102,2026-03-02 09:14:00,2026-03-02,U0102-036,session_started,
E002145,U0110,2026-03-02 09:14:00,2026-03-02,U0110-008,session_started,
E001989,U0102,2026-03-02 09:17:00,2026-03-02,U0102-036,lesson_started,
E002146,U0110,2026-03-02 09:17:00,2026-03-02,U0110-008,lesson_started,
E001569,U0083,2026-03-02 09:20:00,2026-03-02,U0083-044,session_started,
E001990,U0102,2026-03-02 09:22:00,2026-03-02,U0102-036,lesson_completed,
E001570,U0083,2026-03-02 09:23:00,2026-03-02,U0083-044,lesson_started,
E001831,U0093,2026-03-02 09:23:00,2026-03-02,U0093-032,session_started,
E001832,U0093,2026-03-02 09:25:00,2026-03-02,U0093-032,project_created,
E001833,U0093,2026-03-02 09:26:00,2026-03-02,U0093-032,lesson_started,
E001991,U0102,2026-03-02 09:26:00,2026-03-02,U0102-036,project_shared,
E001992,U0102,2026-03-02 09:29:00,2026-03-02,U0102-036,feature_used,template_library
E002147,U0110,2026-03-02 09:29:00,2026-03-02,U0110-008,feature_used,template_library
E001993,U0102,2026-03-02 09:30:00,2026-03-02,U0102-036,feature_used,progress_tracker
E001571,U0083,2026-03-02 09:35:00,2026-03-02,U0083-044,feature_used,template_library
E001572,U0083,2026-03-02 09:36:00,2026-03-02,U0083-044,feature_used,progress_tracker
E001834,U0093,2026-03-02 09:39:00,2026-03-02,U0093-032,feature_used,progress_tracker
E001835,U0093,2026-03-02 09:40:00,2026-03-02,U0093-032,feature_used,collaboration
E000751,U0040,2026-03-02 09:42:00,2026-03-02,U0040-029,session_started,
E000752,U0040,2026-03-02 09:45:00,2026-03-02,U0040-029,lesson_started,
E001782,U0091,2026-03-02 09:49:00,2026-03-02,U0091-037,session_started,
E000753,U0040,2026-03-02 09:50:00,2026-03-02,U0040-029,lesson_completed,
E001783,U0091,2026-03-02 09:52:00,2026-03-02,U0091-037,lesson_started,
E000754,U0040,2026-03-02 09:57:00,2026-03-02,U0040-029,feature_used,template_library
E001784,U0091,2026-03-02 10:04:00,2026-03-02,U0091-037,feature_used,template_library
E000569,U0029,2026-03-03 09:00:00,2026-03-03,U0029-045,session_started,
E000570,U0029,2026-03-03 09:03:00,2026-03-03,U0029-045,lesson_started,
E001004,U0056,2026-03-03 09:04:00,2026-03-03,U0056-036,session_started,
E001005,U0056,2026-03-03 09:07:00,2026-03-03,U0056-036,lesson_started,
E000618,U0032,2026-03-03 09:09:00,2026-03-03,U0032-047,session_started,
E000619,U0032,2026-03-03 09:12:00,2026-03-03,U0032-047,lesson_started,
E000620,U0032,2026-03-03 09:17:00,2026-03-03,U0032-047,lesson_completed,
E001711,U0088,2026-03-03 09:17:00,2026-03-03,U0088-025,session_started,
E001006,U0056,2026-03-03 09:19:00,2026-03-03,U0056-036,feature_used,template_library
E001712,U0088,2026-03-03 09:20:00,2026-03-03,U0088-025,lesson_started,
E000144,U0007,2026-03-03 09:23:00,2026-03-03,U0007-019,session_started,
E000621,U0032,2026-03-03 09:24:00,2026-03-03,U0032-047,feature_used,template_library
E000622,U0032,2026-03-03 09:25:00,2026-03-03,U0032-047,feature_used,progress_tracker
E001902,U0097,2026-03-03 09:25:00,2026-03-03,U0097-007,session_started,
E000145,U0007,2026-03-03 09:26:00,2026-03-03,U0007-019,lesson_started,
E001903,U0097,2026-03-03 09:28:00,2026-03-03,U0097-007,lesson_started,
E000197,U0009,2026-03-03 09:30:00,2026-03-03,U0009-010,session_started,
E000146,U0007,2026-03-03 09:31:00,2026-03-03,U0007-019,lesson_completed,
E000198,U0009,2026-03-03 09:33:00,2026-03-03,U0009-010,lesson_started,
E001904,U0097,2026-03-03 09:33:00,2026-03-03,U0097-007,lesson_completed,
E002088,U0108,2026-03-03 09:33:00,2026-03-03,U0108-016,session_started,
E002089,U0108,2026-03-03 09:36:00,2026-03-03,U0108-016,lesson_started,
E000147,U0007,2026-03-03 09:38:00,2026-03-03,U0007-019,feature_used,template_library
E000148,U0007,2026-03-03 09:40:00,2026-03-03,U0007-019,feature_used,collaboration
E001905,U0097,2026-03-03 09:40:00,2026-03-03,U0097-007,feature_used,template_library
E000199,U0009,2026-03-03 09:46:00,2026-03-03,U0009-010,feature_used,progress_tracker
E002090,U0108,2026-03-03 09:48:00,2026-03-03,U0108-016,feature_used,template_library
E000347,U0018,2026-03-03 09:51:00,2026-03-03,U0018-007,session_started,
E000348,U0018,2026-03-03 09:54:00,2026-03-03,U0018-007,lesson_started,
E001757,U0090,2026-03-03 09:56:00,2026-03-03,U0090-036,session_started,
E001758,U0090,2026-03-03 09:59:00,2026-03-03,U0090-036,lesson_started,
E001759,U0090,2026-03-03 10:04:00,2026-03-03,U0090-036,lesson_completed,
E000349,U0018,2026-03-03 10:07:00,2026-03-03,U0018-007,feature_used,progress_tracker
E001760,U0090,2026-03-03 10:11:00,2026-03-03,U0090-036,feature_used,template_library
E001859,U0094,2026-03-04 09:02:00,2026-03-04,U0094-011,session_started,
E001860,U0094,2026-03-04 09:05:00,2026-03-04,U0094-011,lesson_started,
E001861,U0094,2026-03-04 09:10:00,2026-03-04,U0094-011,lesson_completed,
E001785,U0091,2026-03-04 09:13:00,2026-03-04,U0091-039,session_started,
E001862,U0094,2026-03-04 09:14:00,2026-03-04,U0094-011,project_shared,
E000222,U0010,2026-03-04 09:15:00,2026-03-04,U0010-034,session_started,
E001786,U0091,2026-03-04 09:16:00,2026-03-04,U0091-039,lesson_started,
E000223,U0010,2026-03-04 09:18:00,2026-03-04,U0010-034,lesson_started,
E001958,U0100,2026-03-04 09:20:00,2026-03-04,U0100-022,session_started,
E000224,U0010,2026-03-04 09:23:00,2026-03-04,U0010-034,lesson_completed,
E001959,U0100,2026-03-04 09:23:00,2026-03-04,U0100-022,lesson_started,
E002056,U0107,2026-03-04 09:23:00,2026-03-04,U0107-009,session_started,
E000350,U0018,2026-03-04 09:26:00,2026-03-04,U0018-008,session_started,
E002057,U0107,2026-03-04 09:26:00,2026-03-04,U0107-009,lesson_started,
E000225,U0010,2026-03-04 09:27:00,2026-03-04,U0010-034,project_shared,
E001787,U0091,2026-03-04 09:28:00,2026-03-04,U0091-039,feature_used,template_library
E001960,U0100,2026-03-04 09:28:00,2026-03-04,U0100-022,lesson_completed,
E000351,U0018,2026-03-04 09:29:00,2026-03-04,U0018-008,lesson_started,
E001683,U0087,2026-03-04 09:29:00,2026-03-04,U0087-044,session_started,
E002058,U0107,2026-03-04 09:31:00,2026-03-04,U0107-009,lesson_completed,
E001684,U0087,2026-03-04 09:32:00,2026-03-04,U0087-044,lesson_started,
E002059,U0107,2026-03-04 09:39:00,2026-03-04,U0107-009,feature_used,progress_tracker
E000352,U0018,2026-03-04 09:42:00,2026-03-04,U0018-008,feature_used,progress_tracker
E001505,U0080,2026-03-04 09:43:00,2026-03-04,U0080-036,session_started,
E000846,U0046,2026-03-04 09:44:00,2026-03-04,U0046-042,session_started,
E001685,U0087,2026-03-04 09:44:00,2026-03-04,U0087-044,feature_used,template_library
E001686,U0087,2026-03-04 09:45:00,2026-03-04,U0087-044,feature_used,progress_tracker
E001506,U0080,2026-03-04 09:46:00,2026-03-04,U0080-036,lesson_started,
E000847,U0046,2026-03-04 09:47:00,2026-03-04,U0046-042,lesson_started,
E001284,U0068,2026-03-04 09:47:00,2026-03-04,U0068-010,session_started,
E001285,U0068,2026-03-04 09:50:00,2026-03-04,U0068-010,lesson_started,
E000848,U0046,2026-03-04 09:52:00,2026-03-04,U0046-042,lesson_completed,
E001286,U0068,2026-03-04 10:03:00,2026-03-04,U0068-010,feature_used,progress_tracker
E000764,U0041,2026-03-05 09:03:00,2026-03-05,U0041-011,session_started,
E000149,U0007,2026-03-05 09:04:00,2026-03-05,U0007-021,session_started,
E000765,U0041,2026-03-05 09:06:00,2026-03-05,U0041-011,lesson_started,
E001296,U0069,2026-03-05 09:06:00,2026-03-05,U0069-008,session_started,
E000150,U0007,2026-03-05 09:07:00,2026-03-05,U0007-021,lesson_started,
E001297,U0069,2026-03-05 09:09:00,2026-03-05,U0069-008,lesson_started,
E002148,U0110,2026-03-05 09:09:00,2026-03-05,U0110-011,session_started,
E002149,U0110,2026-03-05 09:12:00,2026-03-05,U0110-011,lesson_started,
E001298,U0069,2026-03-05 09:14:00,2026-03-05,U0069-008,lesson_completed,
E002286,U0118,2026-03-05 09:17:00,2026-03-05,U0118-051,session_started,
E000766,U0041,2026-03-05 09:18:00,2026-03-05,U0041-011,feature_used,template_library
E002287,U0118,2026-03-05 09:20:00,2026-03-05,U0118-051,lesson_started,
E001299,U0069,2026-03-05 09:21:00,2026-03-05,U0069-008,feature_used,template_library
E002150,U0110,2026-03-05 09:24:00,2026-03-05,U0110-011,feature_used,template_library
E002151,U0110,2026-03-05 09:25:00,2026-03-05,U0110-011,feature_used,progress_tracker
E002250,U0115,2026-03-05 09:26:00,2026-03-05,U0115-010,session_started,
E000943,U0052,2026-03-05 09:27:00,2026-03-05,U0052-049,session_started,
E002251,U0115,2026-03-05 09:29:00,2026-03-05,U0115-010,lesson_started,
E000944,U0052,2026-03-05 09:30:00,2026-03-05,U0052-049,lesson_started,
E002288,U0118,2026-03-05 09:33:00,2026-03-05,U0118-051,feature_used,progress_tracker
E002252,U0115,2026-03-05 09:34:00,2026-03-05,U0115-010,lesson_completed,
E000945,U0052,2026-03-05 09:35:00,2026-03-05,U0052-049,lesson_completed,
E001507,U0080,2026-03-05 09:38:00,2026-03-05,U0080-037,session_started,
E000524,U0027,2026-03-05 09:40:00,2026-03-05,U0027-020,session_started,
E001508,U0080,2026-03-05 09:41:00,2026-03-05,U0080-037,lesson_started,
E002253,U0115,2026-03-05 09:41:00,2026-03-05,U0115-010,feature_used,template_library
E002254,U0115,2026-03-05 09:42:00,2026-03-05,U0115-010,feature_used,progress_tracker
E000525,U0027,2026-03-05 09:43:00,2026-03-05,U0027-020,lesson_started,
E000526,U0027,2026-03-05 09:48:00,2026-03-05,U0027-020,lesson_completed,
E001573,U0083,2026-03-05 09:48:00,2026-03-05,U0083-047,session_started,
E001574,U0083,2026-03-05 09:51:00,2026-03-05,U0083-047,lesson_started,
E000527,U0027,2026-03-05 09:52:00,2026-03-05,U0027-020,project_shared,
E001713,U0088,2026-03-05 09:53:00,2026-03-05,U0088-027,session_started,
E001509,U0080,2026-03-05 09:54:00,2026-03-05,U0080-037,feature_used,progress_tracker
E001510,U0080,2026-03-05 09:55:00,2026-03-05,U0080-037,feature_used,collaboration
E000528,U0027,2026-03-05 09:56:00,2026-03-05,U0027-020,feature_used,progress_tracker
E001714,U0088,2026-03-05 09:56:00,2026-03-05,U0088-027,lesson_started,
E001715,U0088,2026-03-05 10:01:00,2026-03-05,U0088-027,lesson_completed,
E000890,U0049,2026-03-06 09:08:00,2026-03-06,U0049-032,session_started,
E000891,U0049,2026-03-06 09:10:00,2026-03-06,U0049-032,project_created,
E000550,U0028,2026-03-06 09:11:00,2026-03-06,U0028-052,session_started,
E000892,U0049,2026-03-06 09:11:00,2026-03-06,U0049-032,lesson_started,
E000551,U0028,2026-03-06 09:14:00,2026-03-06,U0028-052,lesson_started,
E000830,U0045,2026-03-06 09:24:00,2026-03-06,U0045-009,session_started,
E000893,U0049,2026-03-06 09:24:00,2026-03-06,U0049-032,feature_used,progress_tracker
E000552,U0028,2026-03-06 09:26:00,2026-03-06,U0028-052,feature_used,template_library
E000553,U0028,2026-03-06 09:27:00,2026-03-06,U0028-052,feature_used,progress_tracker
E000831,U0045,2026-03-06 09:27:00,2026-03-06,U0045-009,lesson_started,
E000790,U0043,2026-03-06 09:29:00,2026-03-06,U0043-006,session_started,
E001892,U0096,2026-03-06 09:29:00,2026-03-06,U0096-039,session_started,
E000791,U0043,2026-03-06 09:32:00,2026-03-06,U0043-006,lesson_started,
E001893,U0096,2026-03-06 09:32:00,2026-03-06,U0096-039,lesson_started,
E000332,U0017,2026-03-06 09:34:00,2026-03-06,U0017-029,session_started,
E000333,U0017,2026-03-06 09:36:00,2026-03-06,U0017-029,project_created,
E000334,U0017,2026-03-06 09:37:00,2026-03-06,U0017-029,lesson_started,
E000832,U0045,2026-03-06 09:39:00,2026-03-06,U0045-009,feature_used,template_library
E000833,U0045,2026-03-06 09:40:00,2026-03-06,U0045-009,feature_used,progress_tracker
E000428,U0021,2026-03-06 09:43:00,2026-03-06,U0021-050,session_started,
E001300,U0069,2026-03-06 09:43:00,2026-03-06,U0069-009,session_started,
E000792,U0043,2026-03-06 09:44:00,2026-03-06,U0043-006,feature_used,template_library
E001894,U0096,2026-03-06 09:44:00,2026-03-06,U0096-039,feature_used,template_library
E000793,U0043,2026-03-06 09:45:00,2026-03-06,U0043-006,feature_used,progress_tracker
E000429,U0021,2026-03-06 09:46:00,2026-03-06,U0021-050,lesson_started,
E000794,U0043,2026-03-06 09:46:00,2026-03-06,U0043-006,feature_used,collaboration
E001301,U0069,2026-03-06 09:46:00,2026-03-06,U0069-009,lesson_started,
E002289,U0118,2026-03-06 09:47:00,2026-03-06,U0118-052,session_started,
E000335,U0017,2026-03-06 09:49:00,2026-03-06,U0017-029,feature_used,template_library
E000336,U0017,2026-03-06 09:50:00,2026-03-06,U0017-029,feature_used,progress_tracker
E002290,U0118,2026-03-06 09:50:00,2026-03-06,U0118-052,lesson_started,
E000430,U0021,2026-03-06 09:51:00,2026-03-06,U0021-050,lesson_completed,
E001302,U0069,2026-03-06 09:51:00,2026-03-06,U0069-009,lesson_completed,
E000767,U0041,2026-03-06 09:52:00,2026-03-06,U0041-012,session_started,
E000768,U0041,2026-03-06 09:55:00,2026-03-06,U0041-012,lesson_started,
E000431,U0021,2026-03-06 09:58:00,2026-03-06,U0021-050,feature_used,template_library
E001303,U0069,2026-03-06 09:58:00,2026-03-06,U0069-009,feature_used,template_library
E000432,U0021,2026-03-06 09:59:00,2026-03-06,U0021-050,feature_used,progress_tracker
E002291,U0118,2026-03-06 10:02:00,2026-03-06,U0118-052,feature_used,template_library
E000769,U0041,2026-03-06 10:07:00,2026-03-06,U0041-012,feature_used,template_library
E002091,U0108,2026-03-07 09:05:00,2026-03-07,U0108-020,session_started,
E000494,U0025,2026-03-07 09:07:00,2026-03-07,U0025-032,session_started,
E001304,U0069,2026-03-07 09:08:00,2026-03-07,U0069-010,session_started,
E001575,U0083,2026-03-07 09:08:00,2026-03-07,U0083-049,session_started,
E002092,U0108,2026-03-07 09:08:00,2026-03-07,U0108-020,lesson_started,
E000495,U0025,2026-03-07 09:10:00,2026-03-07,U0025-032,lesson_started,
E001305,U0069,2026-03-07 09:11:00,2026-03-07,U0069-010,lesson_started,
E001576,U0083,2026-03-07 09:11:00,2026-03-07,U0083-049,lesson_started,
E001215,U0064,2026-03-07 09:13:00,2026-03-07,U0064-039,session_started,
E002093,U0108,2026-03-07 09:13:00,2026-03-07,U0108-020,lesson_completed,
E000623,U0032,2026-03-07 09:14:00,2026-03-07,U0032-051,session_started,
E001216,U0064,2026-03-07 09:16:00,2026-03-07,U0064-039,lesson_started,
E001577,U0083,2026-03-07 09:16:00,2026-03-07,U0083-049,lesson_completed,
E000624,U0032,2026-03-07 09:17:00,2026-03-07,U0032-051,lesson_started,
E002094,U0108,2026-03-07 09:20:00,2026-03-07,U0108-020,feature_used,template_library
E000849,U0046,2026-03-07 09:21:00,2026-03-07,U0046-045,session_started,
E001217,U0064,2026-03-07 09:21:00,2026-03-07,U0064-039,lesson_completed,
E001306,U0069,2026-03-07 09:23:00,2026-03-07,U0069-010,feature_used,template_library
E000850,U0046,2026-03-07 09:24:00,2026-03-07,U0046-045,lesson_started,
E000625,U0032,2026-03-07 09:29:00,2026-03-07,U0032-051,feature_used,template_library
E000510,U0026,2026-03-07 09:36:00,2026-03-07,U0026-007,session_started,
E000511,U0026,2026-03-07 09:39:00,2026-03-07,U0026-007,lesson_started,
E000464,U0023,2026-03-07 09:43:00,2026-03-07,U0023-053,session_started,
E000465,U0023,2026-03-07 09:46:00,2026-03-07,U0023-053,lesson_started,
E000571,U0029,2026-03-07 09:49:00,2026-03-07,U0029-049,session_started,
E000512,U0026,2026-03-07 09:52:00,2026-03-07,U0026-007,feature_used,progress_tracker
E000572,U0029,2026-03-07 09:52:00,2026-03-07,U0029-049,lesson_started,
E000009,U0001,2026-03-07 09:54:00,2026-03-07,U0001-019,session_started,
E001921,U0098,2026-03-07 09:56:00,2026-03-07,U0098-020,session_started,
E000010,U0001,2026-03-07 09:57:00,2026-03-07,U0001-019,lesson_started,
E000573,U0029,2026-03-07 09:57:00,2026-03-07,U0029-049,lesson_completed,
E001922,U0098,2026-03-07 09:58:00,2026-03-07,U0098-020,project_created,
E001923,U0098,2026-03-07 09:59:00,2026-03-07,U0098-020,lesson_started,
E000574,U0029,2026-03-07 10:04:00,2026-03-07,U0029-049,feature_used,template_library
E001924,U0098,2026-03-07 10:04:00,2026-03-07,U0098-020,lesson_completed,
E000011,U0001,2026-03-07 10:10:00,2026-03-07,U0001-019,feature_used,progress_tracker
E000012,U0001,2026-03-07 10:11:00,2026-03-07,U0001-019,feature_used,collaboration
E002060,U0107,2026-03-08 09:02:00,2026-03-08,U0107-013,session_started,
E002061,U0107,2026-03-08 09:05:00,2026-03-08,U0107-013,lesson_started,
E000702,U0037,2026-03-08 09:12:00,2026-03-08,U0037-011,session_started,
E000703,U0037,2026-03-08 09:15:00,2026-03-08,U0037-011,lesson_started,
E002062,U0107,2026-03-08 09:17:00,2026-03-08,U0107-013,feature_used,template_library
E000626,U0032,2026-03-08 09:18:00,2026-03-08,U0032-052,session_started,
E000627,U0032,2026-03-08 09:21:00,2026-03-08,U0032-052,lesson_started,
E000628,U0032,2026-03-08 09:26:00,2026-03-08,U0032-052,lesson_completed,
E000704,U0037,2026-03-08 09:27:00,2026-03-08,U0037-011,feature_used,template_library
E001007,U0056,2026-03-08 09:51:00,2026-03-08,U0056-041,session_started,
E001008,U0056,2026-03-08 09:53:00,2026-03-08,U0056-041,project_created,
E001422,U0076,2026-03-08 09:53:00,2026-03-08,U0076-009,session_started,
E001009,U0056,2026-03-08 09:54:00,2026-03-08,U0056-041,lesson_started,
E001423,U0076,2026-03-08 09:56:00,2026-03-08,U0076-009,lesson_started,
E001010,U0056,2026-03-08 10:06:00,2026-03-08,U0056-041,feature_used,template_library
E001424,U0076,2026-03-09 09:01:00,2026-03-09,U0076-010,session_started,
E000681,U0035,2026-03-09 09:02:00,2026-03-09,U0035-057,session_started,
E001425,U0076,2026-03-09 09:04:00,2026-03-09,U0076-010,lesson_started,
E000682,U0035,2026-03-09 09:05:00,2026-03-09,U0035-057,lesson_started,
E001426,U0076,2026-03-09 09:16:00,2026-03-09,U0076-010,feature_used,template_library
E001188,U0063,2026-03-09 09:18:00,2026-03-09,U0063-029,session_started,
E001189,U0063,2026-03-09 09:21:00,2026-03-09,U0063-029,lesson_started,
E001190,U0063,2026-03-09 09:26:00,2026-03-09,U0063-029,lesson_completed,
E001435,U0077,2026-03-09 09:34:00,2026-03-09,U0077-008,session_started,
E001436,U0077,2026-03-09 09:37:00,2026-03-09,U0077-008,lesson_started,
E001492,U0079,2026-03-09 09:37:00,2026-03-09,U0079-057,session_started,
E000651,U0034,2026-03-09 09:39:00,2026-03-09,U0034-035,session_started,
E001360,U0071,2026-03-09 09:39:00,2026-03-09,U0071-042,session_started,
E001493,U0079,2026-03-09 09:40:00,2026-03-09,U0079-057,lesson_started,
E000652,U0034,2026-03-09 09:42:00,2026-03-09,U0034-035,lesson_started,
E001361,U0071,2026-03-09 09:42:00,2026-03-09,U0071-042,lesson_started,
E001437,U0077,2026-03-09 09:49:00,2026-03-09,U0077-008,feature_used,template_library
E001438,U0077,2026-03-09 09:50:00,2026-03-09,U0077-008,feature_used,progress_tracker
E001906,U0097,2026-03-09 09:50:00,2026-03-09,U0097-013,session_started,
E001362,U0071,2026-03-09 09:51:00,2026-03-09,U0071-042,project_shared,
E001494,U0079,2026-03-09 09:52:00,2026-03-09,U0079-057,feature_used,template_library
E001907,U0097,2026-03-09 09:53:00,2026-03-09,U0097-013,lesson_started,
E001363,U0071,2026-03-09 09:55:00,2026-03-09,U0071-042,feature_used,progress_tracker
E001364,U0071,2026-03-09 09:56:00,2026-03-09,U0071-042,feature_used,collaboration
E001908,U0097,2026-03-09 10:05:00,2026-03-09,U0097-013,feature_used,template_library
E001427,U0076,2026-03-10 09:08:00,2026-03-10,U0076-011,session_started,
E001144,U0061,2026-03-10 09:09:00,2026-03-10,U0061-055,session_started,
E001961,U0100,2026-03-10 09:10:00,2026-03-10,U0100-028,session_started,
E001428,U0076,2026-03-10 09:11:00,2026-03-10,U0076-011,lesson_started,
E001145,U0061,2026-03-10 09:12:00,2026-03-10,U0061-055,lesson_started,
E001962,U0100,2026-03-10 09:13:00,2026-03-10,U0100-028,lesson_started,
E001429,U0076,2026-03-10 09:16:00,2026-03-10,U0076-011,lesson_completed,
E001963,U0100,2026-03-10 09:18:00,2026-03-10,U0100-028,lesson_completed,
E001191,U0063,2026-03-10 09:20:00,2026-03-10,U0063-030,session_started,
E001192,U0063,2026-03-10 09:23:00,2026-03-10,U0063-030,lesson_started,
E000554,U0028,2026-03-10 09:25:00,2026-03-10,U0028-056,session_started,
E001146,U0061,2026-03-10 09:25:00,2026-03-10,U0061-055,feature_used,progress_tracker
E000555,U0028,2026-03-10 09:28:00,2026-03-10,U0028-056,lesson_started,
E001193,U0063,2026-03-10 09:28:00,2026-03-10,U0063-030,lesson_completed,
E002063,U0107,2026-03-10 09:31:00,2026-03-10,U0107-015,session_started,
E002064,U0107,2026-03-10 09:34:00,2026-03-10,U0107-015,lesson_started,
E001836,U0093,2026-03-10 09:37:00,2026-03-10,U0093-040,session_started,
E002065,U0107,2026-03-10 09:39:00,2026-03-10,U0107-015,lesson_completed,
E000556,U0028,2026-03-10 09:40:00,2026-03-10,U0028-056,feature_used,template_library
E001837,U0093,2026-03-10 09:40:00,2026-03-10,U0093-040,lesson_started,
E000717,U0038,2026-03-10 09:43:00,2026-03-10,U0038-039,session_started,
E001545,U0082,2026-03-10 09:43:00,2026-03-10,U0082-015,session_started,
E000718,U0038,2026-03-10 09:45:00,2026-03-10,U0038-039,project_created,
E001838,U0093,2026-03-10 09:45:00,2026-03-10,U0093-040,lesson_completed,
E000286,U0014,2026-03-10 09:46:00,2026-03-10,U0014-020,session_started,
E000719,U0038,2026-03-10 09:46:00,2026-03-10,U0038-039,lesson_started,
E001546,U0082,2026-03-10 09:46:00,2026-03-10,U0082-015,lesson_started,
E002066,U0107,2026-03-10 09:46:00,2026-03-10,U0107-015,feature_used,template_library
E000287,U0014,2026-03-10 09:49:00,2026-03-10,U0014-020,lesson_started,
E001839,U0093,2026-03-10 09:49:00,2026-03-10,U0093-040,project_shared,
E001840,U0093,2026-03-10 09:52:00,2026-03-10,U0093-040,feature_used,template_library
E001841,U0093,2026-03-10 09:53:00,2026-03-10,U0093-040,feature_used,progress_tracker
E000288,U0014,2026-03-10 09:54:00,2026-03-10,U0014-020,lesson_completed,
E000720,U0038,2026-03-10 09:58:00,2026-03-10,U0038-039,feature_used,template_library
E001547,U0082,2026-03-10 09:58:00,2026-03-10,U0082-015,feature_used,template_library
E002033,U0105,2026-03-10 09:59:00,2026-03-10,U0105-012,session_started,
E000289,U0014,2026-03-10 10:01:00,2026-03-10,U0014-020,feature_used,template_library
E000290,U0014,2026-03-10 10:02:00,2026-03-10,U0014-020,feature_used,progress_tracker
E002034,U0105,2026-03-10 10:02:00,2026-03-10,U0105-012,lesson_started,
E002035,U0105,2026-03-10 10:14:00,2026-03-10,U0105-012,feature_used,template_library
E000443,U0022,2026-03-11 09:04:00,2026-03-11,U0022-036,session_started,
E000692,U0036,2026-03-11 09:05:00,2026-03-11,U0036-016,session_started,
E000444,U0022,2026-03-11 09:07:00,2026-03-11,U0022-036,lesson_started,
E000693,U0036,2026-03-11 09:07:00,2026-03-11,U0036-016,project_created,
E000694,U0036,2026-03-11 09:08:00,2026-03-11,U0036-016,lesson_started,
E001548,U0082,2026-03-11 09:15:00,2026-03-11,U0082-016,session_started,
E001549,U0082,2026-03-11 09:18:00,2026-03-11,U0082-016,lesson_started,
E000036,U0003,2026-03-11 09:20:00,2026-03-11,U0003-059,session_started,
E000037,U0003,2026-03-11 09:23:00,2026-03-11,U0003-059,lesson_started,
E001550,U0082,2026-03-11 09:30:00,2026-03-11,U0082-016,feature_used,template_library
E001551,U0082,2026-03-11 09:32:00,2026-03-11,U0082-016,feature_used,collaboration
E000304,U0015,2026-03-11 09:53:00,2026-03-11,U0015-056,session_started,
E000305,U0015,2026-03-11 09:56:00,2026-03-11,U0015-056,lesson_started,
E002265,U0116,2026-03-11 09:57:00,2026-03-11,U0116-056,session_started,
E000946,U0052,2026-03-11 09:59:00,2026-03-11,U0052-055,session_started,
E002266,U0116,2026-03-11 10:00:00,2026-03-11,U0116-056,lesson_started,
E000947,U0052,2026-03-11 10:02:00,2026-03-11,U0052-055,lesson_started,
E000306,U0015,2026-03-11 10:09:00,2026-03-11,U0015-056,feature_used,progress_tracker
E002267,U0116,2026-03-11 10:12:00,2026-03-11,U0116-056,feature_used,template_library
E002268,U0116,2026-03-11 10:13:00,2026-03-11,U0116-056,feature_used,progress_tracker
E001386,U0073,2026-03-12 09:01:00,2026-03-12,U0073-013,session_started,
E001387,U0073,2026-03-12 09:04:00,2026-03-12,U0073-013,lesson_started,
E001388,U0073,2026-03-12 09:09:00,2026-03-12,U0073-013,lesson_completed,
E001389,U0073,2026-03-12 09:16:00,2026-03-12,U0073-013,feature_used,template_library
E001687,U0087,2026-03-12 09:20:00,2026-03-12,U0087-052,session_started,
E001601,U0084,2026-03-12 09:21:00,2026-03-12,U0084-054,session_started,
E000871,U0048,2026-03-12 09:23:00,2026-03-12,U0048-066,session_started,
E001688,U0087,2026-03-12 09:23:00,2026-03-12,U0087-052,lesson_started,
E001602,U0084,2026-03-12 09:24:00,2026-03-12,U0084-054,lesson_started,
E000991,U0055,2026-03-12 09:25:00,2026-03-12,U0055-057,session_started,
E000872,U0048,2026-03-12 09:26:00,2026-03-12,U0048-066,lesson_started,
E000596,U0030,2026-03-12 09:27:00,2026-03-12,U0030-063,session_started,
E001863,U0094,2026-03-12 09:27:00,2026-03-12,U0094-019,session_started,
E000992,U0055,2026-03-12 09:28:00,2026-03-12,U0055-057,lesson_started,
E001603,U0084,2026-03-12 09:29:00,2026-03-12,U0084-054,lesson_completed,
E000597,U0030,2026-03-12 09:30:00,2026-03-12,U0030-063,lesson_started,
E001864,U0094,2026-03-12 09:30:00,2026-03-12,U0094-019,lesson_started,
E001604,U0084,2026-03-12 09:36:00,2026-03-12,U0084-054,feature_used,template_library
E001689,U0087,2026-03-12 09:36:00,2026-03-12,U0087-052,feature_used,progress_tracker
E001605,U0084,2026-03-12 09:37:00,2026-03-12,U0084-054,feature_used,progress_tracker
E000993,U0055,2026-03-12 09:41:00,2026-03-12,U0055-057,feature_used,progress_tracker
E001102,U0060,2026-03-12 09:41:00,2026-03-12,U0060-063,session_started,
E001865,U0094,2026-03-12 09:42:00,2026-03-12,U0094-019,feature_used,template_library
E001866,U0094,2026-03-12 09:43:00,2026-03-12,U0094-019,feature_used,progress_tracker
E001103,U0060,2026-03-12 09:44:00,2026-03-12,U0060-063,lesson_started,
E001372,U0072,2026-03-12 09:44:00,2026-03-12,U0072-035,session_started,
E001373,U0072,2026-03-12 09:47:00,2026-03-12,U0072-035,lesson_started,
E001104,U0060,2026-03-12 09:56:00,2026-03-12,U0060-063,feature_used,template_library
E000226,U0010,2026-03-12 09:59:00,2026-03-12,U0010-042,session_started,
E000227,U0010,2026-03-12 10:02:00,2026-03-12,U0010-042,lesson_started,
E000228,U0010,2026-03-12 10:07:00,2026-03-12,U0010-042,lesson_completed,
E001606,U0084,2026-03-13 09:03:00,2026-03-13,U0084-055,session_started,
E001655,U0086,2026-03-13 09:03:00,2026-03-13,U0086-066,session_started,
E001607,U0084,2026-03-13 09:06:00,2026-03-13,U0084-055,lesson_started,
E001656,U0086,2026-03-13 09:06:00,2026-03-13,U0086-066,lesson_started,
E001608,U0084,2026-03-13 09:11:00,2026-03-13,U0084-055,lesson_completed,
E001609,U0084,2026-03-13 09:18:00,2026-03-13,U0084-055,feature_used,template_library
E001657,U0086,2026-03-13 09:19:00,2026-03-13,U0086-066,feature_used,progress_tracker
E000513,U0026,2026-03-13 09:23:00,2026-03-13,U0026-013,session_started,
E001788,U0091,2026-03-13 09:24:00,2026-03-13,U0091-048,session_started,
E000514,U0026,2026-03-13 09:25:00,2026-03-13,U0026-013,project_created,
E000515,U0026,2026-03-13 09:26:00,2026-03-13,U0026-013,lesson_started,
E001789,U0091,2026-03-13 09:27:00,2026-03-13,U0091-048,lesson_started,
E001307,U0069,2026-03-13 09:28:00,2026-03-13,U0069-016,session_started,
E001308,U0069,2026-03-13 09:31:00,2026-03-13,U0069-016,lesson_started,
E000316,U0016,2026-03-13 09:36:00,2026-03-13,U0016-029,session_started,
E001309,U0069,2026-03-13 09:36:00,2026-03-13,U0069-016,lesson_completed,
E000317,U0016,2026-03-13 09:39:00,2026-03-13,U0016-029,lesson_started,
E000516,U0026,2026-03-13 09:39:00,2026-03-13,U0026-013,feature_used,progress_tracker
E001790,U0091,2026-03-13 09:39:00,2026-03-13,U0091-048,feature_used,template_library
E000128,U0006,2026-03-13 09:40:00,2026-03-13,U0006-062,session_started,
E000770,U0041,2026-03-13 09:41:00,2026-03-13,U0041-019,session_started,
E000129,U0006,2026-03-13 09:42:00,2026-03-13,U0006-062,project_created,
E000130,U0006,2026-03-13 09:43:00,2026-03-13,U0006-062,lesson_started,
E001310,U0069,2026-03-13 09:43:00,2026-03-13,U0069-016,feature_used,template_library
E000318,U0016,2026-03-13 09:44:00,2026-03-13,U0016-029,lesson_completed,
E000771,U0041,2026-03-13 09:44:00,2026-03-13,U0041-019,lesson_started,
E001311,U0069,2026-03-13 09:44:00,2026-03-13,U0069-016,feature_used,progress_tracker
E001552,U0082,2026-03-13 09:45:00,2026-03-13,U0082-018,session_started,
E001553,U0082,2026-03-13 09:48:00,2026-03-13,U0082-018,lesson_started,
E000772,U0041,2026-03-13 09:49:00,2026-03-13,U0041-019,lesson_completed,
E000319,U0016,2026-03-13 09:51:00,2026-03-13,U0016-029,feature_used,template_library
E001452,U0078,2026-03-13 09:51:00,2026-03-13,U0078-030,session_started,
E000773,U0041,2026-03-13 09:53:00,2026-03-13,U0041-019,project_shared,
E001453,U0078,2026-03-13 09:54:00,2026-03-13,U0078-030,lesson_started,
E000131,U0006,2026-03-13 09:55:00,2026-03-13,U0006-062,feature_used,template_library
E000132,U0006,2026-03-13 09:56:00,2026-03-13,U0006-062,feature_used,progress_tracker
E001554,U0082,2026-03-13 10:02:00,2026-03-13,U0082-018,feature_used,collaboration
E001454,U0078,2026-03-13 10:06:00,2026-03-13,U0078-030,feature_used,template_library
E001390,U0073,2026-03-14 09:24:00,2026-03-14,U0073-015,session_started,
E001391,U0073,2026-03-14 09:27:00,2026-03-14,U0073-015,lesson_started,
E000496,U0025,2026-03-14 09:30:00,2026-03-14,U0025-039,session_started,
E000497,U0025,2026-03-14 09:33:00,2026-03-14,U0025-039,lesson_started,
E001842,U0093,2026-03-14 09:39:00,2026-03-14,U0093-044,session_started,
E001392,U0073,2026-03-14 09:40:00,2026-03-14,U0073-015,feature_used,progress_tracker
E001843,U0093,2026-03-14 09:42:00,2026-03-14,U0093-044,lesson_started,
E000629,U0032,2026-03-14 09:44:00,2026-03-14,U0032-058,session_started,
E000630,U0032,2026-03-14 09:47:00,2026-03-14,U0032-058,lesson_started,
E001844,U0093,2026-03-14 09:47:00,2026-03-14,U0093-044,lesson_completed,
E001690,U0087,2026-03-14 09:52:00,2026-03-14,U0087-054,session_started,
E001238,U0065,2026-03-14 09:55:00,2026-03-14,U0065-056,session_started,
E001691,U0087,2026-03-14 09:55:00,2026-03-14,U0087-054,lesson_started,
E001845,U0093,2026-03-14 09:56:00,2026-03-14,U0093-044,feature_used,collaboration
E001239,U0065,2026-03-14 09:58:00,2026-03-14,U0065-056,lesson_started,
E000038,U0003,2026-03-14 09:59:00,2026-03-14,U0003-062,session_started,
E000631,U0032,2026-03-14 09:59:00,2026-03-14,U0032-058,feature_used,template_library
E000039,U0003,2026-03-14 10:02:00,2026-03-14,U0003-062,lesson_started,
E001692,U0087,2026-03-14 10:07:00,2026-03-14,U0087-054,feature_used,template_library
E001693,U0087,2026-03-14 10:08:00,2026-03-14,U0087-054,feature_used,progress_tracker
E000466,U0023,2026-03-15 09:00:00,2026-03-15,U0023-061,session_started,
E001194,U0063,2026-03-15 09:00:00,2026-03-15,U0063-035,session_started,
E000467,U0023,2026-03-15 09:03:00,2026-03-15,U0023-061,lesson_started,
E001195,U0063,2026-03-15 09:03:00,2026-03-15,U0063-035,lesson_started,
E000468,U0023,2026-03-15 09:08:00,2026-03-15,U0023-061,lesson_completed,
E001196,U0063,2026-03-15 09:08:00,2026-03-15,U0063-035,lesson_completed,
E000469,U0023,2026-03-15 09:16:00,2026-03-15,U0023-061,feature_used,progress_tracker
E001052,U0058,2026-03-15 09:17:00,2026-03-15,U0058-055,session_started,
E001053,U0058,2026-03-15 09:20:00,2026-03-15,U0058-055,lesson_started,
E001939,U0099,2026-03-15 09:29:00,2026-03-15,U0099-026,session_started,
E001940,U0099,2026-03-15 09:32:00,2026-03-15,U0099-026,lesson_started,
E001054,U0058,2026-03-15 09:33:00,2026-03-15,U0058-055,feature_used,progress_tracker
E000873,U0048,2026-03-15 09:42:00,2026-03-15,U0048-069,session_started,
E000874,U0048,2026-03-15 09:44:00,2026-03-15,U0048-069,project_created,
E001941,U0099,2026-03-15 09:44:00,2026-03-15,U0099-026,feature_used,template_library
E000875,U0048,2026-03-15 09:45:00,2026-03-15,U0048-069,lesson_started,
E000876,U0048,2026-03-15 09:50:00,2026-03-15,U0048-069,lesson_completed,
E001495,U0079,2026-03-15 09:54:00,2026-03-15,U0079-063,session_started,
E000353,U0018,2026-03-15 09:56:00,2026-03-15,U0018-019,session_started,
E001496,U0079,2026-03-15 09:57:00,2026-03-15,U0079-063,lesson_started,
E002095,U0108,2026-03-15 09:57:00,2026-03-15,U0108-028,session_started,
E000948,U0052,2026-03-15 09:58:00,2026-03-15,U0052-059,session_started,
E000354,U0018,2026-03-15 09:59:00,2026-03-15,U0018-019,lesson_started,
E002096,U0108,2026-03-15 10:00:00,2026-03-15,U0108-028,lesson_started,
E000949,U0052,2026-03-15 10:01:00,2026-03-15,U0052-059,lesson_started,
E000355,U0018,2026-03-15 10:04:00,2026-03-15,U0018-019,lesson_completed,
E002097,U0108,2026-03-15 10:05:00,2026-03-15,U0108-028,lesson_completed,
E000356,U0018,2026-03-15 10:08:00,2026-03-15,U0018-019,project_shared,
E001497,U0079,2026-03-15 10:09:00,2026-03-15,U0079-063,feature_used,template_library
E000357,U0018,2026-03-15 10:12:00,2026-03-15,U0018-019,feature_used,progress_tracker
E002098,U0108,2026-03-15 10:12:00,2026-03-15,U0108-028,feature_used,template_library
E000950,U0052,2026-03-15 10:13:00,2026-03-15,U0052-059,feature_used,template_library
E000557,U0028,2026-03-16 09:04:00,2026-03-16,U0028-062,session_started,
E000558,U0028,2026-03-16 09:07:00,2026-03-16,U0028-062,lesson_started,
E001439,U0077,2026-03-16 09:18:00,2026-03-16,U0077-015,session_started,
E000559,U0028,2026-03-16 09:19:00,2026-03-16,U0028-062,feature_used,template_library
E001440,U0077,2026-03-16 09:21:00,2026-03-16,U0077-015,lesson_started,
E000982,U0054,2026-03-16 09:31:00,2026-03-16,U0054-045,session_started,
E000983,U0054,2026-03-16 09:33:00,2026-03-16,U0054-045,project_created,
E000984,U0054,2026-03-16 09:34:00,2026-03-16,U0054-045,lesson_started,
E001411,U0075,2026-03-16 09:39:00,2026-03-16,U0075-015,session_started,
E000358,U0018,2026-03-16 09:41:00,2026-03-16,U0018-020,session_started,
E001412,U0075,2026-03-16 09:41:00,2026-03-16,U0075-015,project_created,
E001413,U0075,2026-03-16 09:42:00,2026-03-16,U0075-015,lesson_started,
E000359,U0018,2026-03-16 09:44:00,2026-03-16,U0018-020,lesson_started,
E000781,U0042,2026-03-16 09:47:00,2026-03-16,U0042-028,session_started,
E000985,U0054,2026-03-16 09:48:00,2026-03-16,U0054-045,feature_used,collaboration
E000360,U0018,2026-03-16 09:49:00,2026-03-16,U0018-020,lesson_completed,
E001610,U0084,2026-03-16 09:49:00,2026-03-16,U0084-058,session_started,
E000782,U0042,2026-03-16 09:50:00,2026-03-16,U0042-028,lesson_started,
E001716,U0088,2026-03-16 09:50:00,2026-03-16,U0088-038,session_started,
E001611,U0084,2026-03-16 09:52:00,2026-03-16,U0084-058,lesson_started,
E001717,U0088,2026-03-16 09:53:00,2026-03-16,U0088-038,lesson_started,
E001414,U0075,2026-03-16 09:54:00,2026-03-16,U0075-015,feature_used,template_library
E000783,U0042,2026-03-16 09:55:00,2026-03-16,U0042-028,lesson_completed,
E000361,U0018,2026-03-16 09:56:00,2026-03-16,U0018-020,feature_used,template_library
E001612,U0084,2026-03-16 09:57:00,2026-03-16,U0084-058,lesson_completed,
E002203,U0112,2026-03-16 09:57:00,2026-03-16,U0112-050,session_started,
E000362,U0018,2026-03-16 09:58:00,2026-03-16,U0018-020,feature_used,collaboration
E001718,U0088,2026-03-16 09:58:00,2026-03-16,U0088-038,lesson_completed,
E000653,U0034,2026-03-16 09:59:00,2026-03-16,U0034-042,session_started,
E000784,U0042,2026-03-16 09:59:00,2026-03-16,U0042-028,project_shared,
E002204,U0112,2026-03-16 10:00:00,2026-03-16,U0112-050,lesson_started,
E000654,U0034,2026-03-16 10:01:00,2026-03-16,U0034-042,project_created,
E000655,U0034,2026-03-16 10:02:00,2026-03-16,U0034-042,lesson_started,
E001719,U0088,2026-03-16 10:02:00,2026-03-16,U0088-038,project_shared,
E001613,U0084,2026-03-16 10:04:00,2026-03-16,U0084-058,feature_used,template_library
E001720,U0088,2026-03-16 10:05:00,2026-03-16,U0088-038,feature_used,template_library
E002205,U0112,2026-03-16 10:05:00,2026-03-16,U0112-050,lesson_completed,
E000656,U0034,2026-03-16 10:14:00,2026-03-16,U0034-042,feature_used,template_library
E001336,U0070,2026-03-17 09:01:00,2026-03-17,U0070-055,session_started,
E000255,U0012,2026-03-17 09:02:00,2026-03-17,U0012-033,session_started,
E000834,U0045,2026-03-17 09:04:00,2026-03-17,U0045-020,session_started,
E001337,U0070,2026-03-17 09:04:00,2026-03-17,U0070-055,lesson_started,
E000256,U0012,2026-03-17 09:05:00,2026-03-17,U0012-033,lesson_started,
E001761,U0090,2026-03-17 09:05:00,2026-03-17,U0090-050,session_started,
E000835,U0045,2026-03-17 09:07:00,2026-03-17,U0045-020,lesson_started,
E001762,U0090,2026-03-17 09:08:00,2026-03-17,U0090-050,lesson_started,
E000257,U0012,2026-03-17 09:10:00,2026-03-17,U0012-033,lesson_completed,
E001374,U0072,2026-03-17 09:15:00,2026-03-17,U0072-040,session_started,
E000258,U0012,2026-03-17 09:17:00,2026-03-17,U0012-033,feature_used,template_library
E001375,U0072,2026-03-17 09:18:00,2026-03-17,U0072-040,lesson_started,
E000836,U0045,2026-03-17 09:19:00,2026-03-17,U0045-020,feature_used,template_library
E002118,U0109,2026-03-17 09:20:00,2026-03-17,U0109-032,session_started,
E001376,U0072,2026-03-17 09:23:00,2026-03-17,U0072-040,lesson_completed,
E002119,U0109,2026-03-17 09:23:00,2026-03-17,U0109-032,lesson_started,
E001377,U0072,2026-03-17 09:27:00,2026-03-17,U0072-040,project_shared,
E001378,U0072,2026-03-17 09:30:00,2026-03-17,U0072-040,feature_used,template_library
E000151,U0007,2026-03-17 09:31:00,2026-03-17,U0007-033,session_started,
E000152,U0007,2026-03-17 09:34:00,2026-03-17,U0007-033,lesson_started,
E002120,U0109,2026-03-17 09:35:00,2026-03-17,U0109-032,feature_used,template_library
E001197,U0063,2026-03-17 09:38:00,2026-03-17,U0063-037,session_started,
E001198,U0063,2026-03-17 09:41:00,2026-03-17,U0063-037,lesson_started,
E001846,U0093,2026-03-17 09:41:00,2026-03-17,U0093-047,session_started,
E001847,U0093,2026-03-17 09:44:00,2026-03-17,U0093-047,lesson_started,
E001199,U0063,2026-03-17 09:46:00,2026-03-17,U0063-037,lesson_completed,
E001075,U0059,2026-03-17 09:48:00,2026-03-17,U0059-042,session_started,
E001848,U0093,2026-03-17 09:49:00,2026-03-17,U0093-047,lesson_completed,
E001076,U0059,2026-03-17 09:51:00,2026-03-17,U0059-042,lesson_started,
E001200,U0063,2026-03-17 09:53:00,2026-03-17,U0063-037,feature_used,template_library
E001077,U0059,2026-03-17 09:56:00,2026-03-17,U0059-042,lesson_completed,
E001078,U0059,2026-03-17 10:03:00,2026-03-17,U0059-042,feature_used,template_library
E001079,U0059,2026-03-17 10:04:00,2026-03-17,U0059-042,feature_used,progress_tracker
E001218,U0064,2026-03-18 09:03:00,2026-03-18,U0064-050,session_started,
E001219,U0064,2026-03-18 09:06:00,2026-03-18,U0064-050,lesson_started,
E000858,U0047,2026-03-18 09:10:00,2026-03-18,U0047-021,session_started,
E001220,U0064,2026-03-18 09:11:00,2026-03-18,U0064-050,lesson_completed,
E000859,U0047,2026-03-18 09:13:00,2026-03-18,U0047-021,lesson_started,
E001157,U0062,2026-03-18 09:13:00,2026-03-18,U0062-025,session_started,
E001158,U0062,2026-03-18 09:15:00,2026-03-18,U0062-025,project_created,
E000498,U0025,2026-03-18 09:16:00,2026-03-18,U0025-043,session_started,
E001159,U0062,2026-03-18 09:16:00,2026-03-18,U0062-025,lesson_started,
E000860,U0047,2026-03-18 09:18:00,2026-03-18,U0047-021,lesson_completed,
E000499,U0025,2026-03-18 09:19:00,2026-03-18,U0025-043,lesson_started,
E001160,U0062,2026-03-18 09:21:00,2026-03-18,U0062-025,lesson_completed,
E000500,U0025,2026-03-18 09:24:00,2026-03-18,U0025-043,lesson_completed,
E000861,U0047,2026-03-18 09:25:00,2026-03-18,U0047-021,feature_used,template_library
E001161,U0062,2026-03-18 09:28:00,2026-03-18,U0062-025,feature_used,template_library
E000501,U0025,2026-03-18 09:31:00,2026-03-18,U0025-043,feature_used,template_library
E000502,U0025,2026-03-18 09:32:00,2026-03-18,U0025-043,feature_used,progress_tracker
E000721,U0038,2026-03-18 09:40:00,2026-03-18,U0038-047,session_started,
E000722,U0038,2026-03-18 09:43:00,2026-03-18,U0038-047,lesson_started,
E000723,U0038,2026-03-18 09:48:00,2026-03-18,U0038-047,lesson_completed,
E001253,U0066,2026-03-18 09:49:00,2026-03-18,U0066-017,session_started,
E001254,U0066,2026-03-18 09:51:00,2026-03-18,U0066-017,project_created,
E000724,U0038,2026-03-18 09:52:00,2026-03-18,U0038-047,project_shared,
E001255,U0066,2026-03-18 09:52:00,2026-03-18,U0066-017,lesson_started,
E000725,U0038,2026-03-18 09:55:00,2026-03-18,U0038-047,feature_used,template_library
E001240,U0065,2026-03-18 09:55:00,2026-03-18,U0065-060,session_started,
E001241,U0065,2026-03-18 09:58:00,2026-03-18,U0065-060,lesson_started,
E001256,U0066,2026-03-18 10:04:00,2026-03-18,U0066-017,feature_used,template_library
E001242,U0065,2026-03-18 10:10:00,2026-03-18,U0065-060,feature_used,template_library
E001243,U0065,2026-03-18 10:11:00,2026-03-18,U0065-060,feature_used,progress_tracker
E000269,U0013,2026-03-19 09:02:00,2026-03-19,U0013-058,session_started,
E001942,U0099,2026-03-19 09:04:00,2026-03-19,U0099-030,session_started,
E000270,U0013,2026-03-19 09:05:00,2026-03-19,U0013-058,lesson_started,
E001943,U0099,2026-03-19 09:07:00,2026-03-19,U0099-030,lesson_started,
E001944,U0099,2026-03-19 09:16:00,2026-03-19,U0099-030,project_shared,
E000271,U0013,2026-03-19 09:17:00,2026-03-19,U0013-058,feature_used,template_library
E000272,U0013,2026-03-19 09:18:00,2026-03-19,U0013-058,feature_used,progress_tracker
E002298,U0119,2026-03-19 09:19:00,2026-03-19,U0119-027,session_started,
E002299,U0119,2026-03-19 09:22:00,2026-03-19,U0119-027,lesson_started,
E002099,U0108,2026-03-19 09:28:00,2026-03-19,U0108-032,session_started,
E002100,U0108,2026-03-19 09:31:00,2026-03-19,U0108-032,lesson_started,
E002121,U0109,2026-03-19 09:32:00,2026-03-19,U0109-034,session_started,
E002300,U0119,2026-03-19 09:34:00,2026-03-19,U0119-027,feature_used,template_library
E000817,U0044,2026-03-19 09:35:00,2026-03-19,U0044-053,session_started,
E002122,U0109,2026-03-19 09:35:00,2026-03-19,U0109-034,lesson_started,
E000818,U0044,2026-03-19 09:38:00,2026-03-19,U0044-053,lesson_started,
E001055,U0058,2026-03-19 09:40:00,2026-03-19,U0058-059,session_started,
E002123,U0109,2026-03-19 09:40:00,2026-03-19,U0109-034,lesson_completed,
E001056,U0058,2026-03-19 09:43:00,2026-03-19,U0058-059,lesson_started,
E002101,U0108,2026-03-19 09:44:00,2026-03-19,U0108-032,feature_used,progress_tracker
E000153,U0007,2026-03-19 09:46:00,2026-03-19,U0007-035,session_started,
E000819,U0044,2026-03-19 09:47:00,2026-03-19,U0044-053,project_shared,
E002124,U0109,2026-03-19 09:47:00,2026-03-19,U0109-034,feature_used,template_library
E000154,U0007,2026-03-19 09:49:00,2026-03-19,U0007-035,lesson_started,
E000820,U0044,2026-03-19 09:50:00,2026-03-19,U0044-053,feature_used,template_library
E000795,U0043,2026-03-19 09:56:00,2026-03-19,U0043-019,session_started,
E000155,U0007,2026-03-19 09:58:00,2026-03-19,U0007-035,project_shared,
E000796,U0043,2026-03-19 09:59:00,2026-03-19,U0043-019,lesson_started,
E000156,U0007,2026-03-19 10:02:00,2026-03-19,U0007-035,feature_used,progress_tracker
E000797,U0043,2026-03-19 10:11:00,2026-03-19,U0043-019,feature_used,template_library
E000503,U0025,2026-03-20 09:08:00,2026-03-20,U0025-045,session_started,
E000504,U0025,2026-03-20 09:11:00,2026-03-20,U0025-045,lesson_started,
E001624,U0085,2026-03-20 09:12:00,2026-03-20,U0085-048,session_started,
E001528,U0081,2026-03-20 09:14:00,2026-03-20,U0081-030,session_started,
E001625,U0085,2026-03-20 09:15:00,2026-03-20,U0085-048,lesson_started,
E001529,U0081,2026-03-20 09:17:00,2026-03-20,U0081-030,lesson_started,
E000061,U0004,2026-03-20 09:18:00,2026-03-20,U0004-071,session_started,
E001626,U0085,2026-03-20 09:20:00,2026-03-20,U0085-048,lesson_completed,
E000062,U0004,2026-03-20 09:21:00,2026-03-20,U0004-071,lesson_started,
E000726,U0038,2026-03-20 09:21:00,2026-03-20,U0038-049,session_started,
E001057,U0058,2026-03-20 09:21:00,2026-03-20,U0058-060,session_started,
E001530,U0081,2026-03-20 09:22:00,2026-03-20,U0081-030,lesson_completed,
E000505,U0025,2026-03-20 09:23:00,2026-03-20,U0025-045,feature_used,template_library
E001058,U0058,2026-03-20 09:23:00,2026-03-20,U0058-060,project_created,
E000727,U0038,2026-03-20 09:24:00,2026-03-20,U0038-049,lesson_started,
E001059,U0058,2026-03-20 09:24:00,2026-03-20,U0058-060,lesson_started,
E000728,U0038,2026-03-20 09:29:00,2026-03-20,U0038-049,lesson_completed,
E001531,U0081,2026-03-20 09:29:00,2026-03-20,U0081-030,feature_used,template_library
E001555,U0082,2026-03-20 09:29:00,2026-03-20,U0082-025,session_started,
E001532,U0081,2026-03-20 09:30:00,2026-03-20,U0081-030,feature_used,progress_tracker
E001556,U0082,2026-03-20 09:32:00,2026-03-20,U0082-025,lesson_started,
E000063,U0004,2026-03-20 09:33:00,2026-03-20,U0004-071,feature_used,template_library
E000729,U0038,2026-03-20 09:36:00,2026-03-20,U0038-049,feature_used,template_library
E001060,U0058,2026-03-20 09:36:00,2026-03-20,U0058-060,feature_used,template_library
E000445,U0022,2026-03-20 09:37:00,2026-03-20,U0022-045,session_started,
E000730,U0038,2026-03-20 09:37:00,2026-03-20,U0038-049,feature_used,progress_tracker
E000446,U0022,2026-03-20 09:40:00,2026-03-20,U0022-045,lesson_started,
E001147,U0061,2026-03-20 09:41:00,2026-03-20,U0061-065,session_started,
E001148,U0061,2026-03-20 09:44:00,2026-03-20,U0061-065,lesson_started,
E001791,U0091,2026-03-20 09:48:00,2026-03-20,U0091-055,session_started,
E001792,U0091,2026-03-20 09:51:00,2026-03-20,U0091-055,lesson_started,
E000922,U0051,2026-03-20 09:59:00,2026-03-20,U0051-046,session_started,
E000923,U0051,2026-03-20 10:02:00,2026-03-20,U0051-046,lesson_started,
E000924,U0051,2026-03-20 10:14:00,2026-03-20,U0051-046,feature_used,template_library
E000925,U0051,2026-03-20 10:15:00,2026-03-20,U0051-046,feature_used,progress_tracker
E001763,U0090,2026-03-21 09:06:00,2026-03-21,U0090-054,session_started,
E001764,U0090,2026-03-21 09:09:00,2026-03-21,U0090-054,lesson_started,
E001765,U0090,2026-03-21 09:14:00,2026-03-21,U0090-054,lesson_completed,
E001766,U0090,2026-03-21 09:21:00,2026-03-21,U0090-054,feature_used,template_library
E001970,U0101,2026-03-21 09:22:00,2026-03-21,U0101-024,session_started,
E001767,U0090,2026-03-21 09:23:00,2026-03-21,U0090-054,feature_used,collaboration
E001971,U0101,2026-03-21 09:25:00,2026-03-21,U0101-024,lesson_started,
E001867,U0094,2026-03-21 09:26:00,2026-03-21,U0094-028,session_started,
E001868,U0094,2026-03-21 09:29:00,2026-03-21,U0094-028,lesson_started,
E001869,U0094,2026-03-21 09:34:00,2026-03-21,U0094-028,lesson_completed,
E001972,U0101,2026-03-21 09:37:00,2026-03-21,U0101-024,feature_used,template_library
E000774,U0041,2026-03-21 09:41:00,2026-03-21,U0041-027,session_started,
E001822,U0092,2026-03-21 09:41:00,2026-03-21,U0092-055,session_started,
E000775,U0041,2026-03-21 09:44:00,2026-03-21,U0041-027,lesson_started,
E001823,U0092,2026-03-21 09:44:00,2026-03-21,U0092-055,lesson_started,
E001824,U0092,2026-03-21 09:56:00,2026-03-21,U0092-055,feature_used,template_library
E000476,U0024,2026-03-21 09:57:00,2026-03-21,U0024-037,session_started,
E001721,U0088,2026-03-21 09:58:00,2026-03-21,U0088-043,session_started,
E000477,U0024,2026-03-21 10:00:00,2026-03-21,U0024-037,lesson_started,
E001722,U0088,2026-03-21 10:01:00,2026-03-21,U0088-043,lesson_started,
E001723,U0088,2026-03-21 10:13:00,2026-03-21,U0088-043,feature_used,template_library
E000877,U0048,2026-03-22 09:05:00,2026-03-22,U0048-076,session_started,
E001557,U0082,2026-03-22 09:05:00,2026-03-22,U0082-027,session_started,
E001455,U0078,2026-03-22 09:06:00,2026-03-22,U0078-039,session_started,
E001558,U0082,2026-03-22 09:07:00,2026-03-22,U0082-027,project_created,
E000878,U0048,2026-03-22 09:08:00,2026-03-22,U0048-076,lesson_started,
E001559,U0082,2026-03-22 09:08:00,2026-03-22,U0082-027,lesson_started,
E001456,U0078,2026-03-22 09:09:00,2026-03-22,U0078-039,lesson_started,
E000879,U0048,2026-03-22 09:13:00,2026-03-22,U0048-076,lesson_completed,
E000798,U0043,2026-03-22 09:15:00,2026-03-22,U0043-022,session_started,
E000880,U0048,2026-03-22 09:17:00,2026-03-22,U0048-076,project_shared,
E000799,U0043,2026-03-22 09:18:00,2026-03-22,U0043-022,lesson_started,
E000881,U0048,2026-03-22 09:20:00,2026-03-22,U0048-076,feature_used,template_library
E001895,U0096,2026-03-22 09:21:00,2026-03-22,U0096-055,session_started,
E000882,U0048,2026-03-22 09:22:00,2026-03-22,U0048-076,feature_used,collaboration
E001105,U0060,2026-03-22 09:23:00,2026-03-22,U0060-073,session_started,
E001896,U0096,2026-03-22 09:24:00,2026-03-22,U0096-055,lesson_started,
E001106,U0060,2026-03-22 09:26:00,2026-03-22,U0060-073,lesson_started,
E000800,U0043,2026-03-22 09:31:00,2026-03-22,U0043-022,feature_used,progress_tracker
E001107,U0060,2026-03-22 09:31:00,2026-03-22,U0060-073,lesson_completed,
E001108,U0060,2026-03-22 09:35:00,2026-03-22,U0060-073,project_shared,
E001109,U0060,2026-03-22 09:40:00,2026-03-22,U0060-073,feature_used,collaboration
E001614,U0084,2026-03-22 09:41:00,2026-03-22,U0084-064,session_started,
E001615,U0084,2026-03-22 09:44:00,2026-03-22,U0084-064,lesson_started,
E001994,U0102,2026-03-22 09:44:00,2026-03-22,U0102-056,session_started,
E002008,U0103,2026-03-22 09:44:00,2026-03-22,U0103-041,session_started,
E001995,U0102,2026-03-22 09:47:00,2026-03-22,U0102-056,lesson_started,
E002009,U0103,2026-03-22 09:47:00,2026-03-22,U0103-041,lesson_started,
E001201,U0063,2026-03-22 09:52:00,2026-03-22,U0063-042,session_started,
E001996,U0102,2026-03-22 09:52:00,2026-03-22,U0102-056,lesson_completed,
E002010,U0103,2026-03-22 09:52:00,2026-03-22,U0103-041,lesson_completed,
E001202,U0063,2026-03-22 09:55:00,2026-03-22,U0063-042,lesson_started,
E002011,U0103,2026-03-22 09:56:00,2026-03-22,U0103-041,project_shared,
E002012,U0103,2026-03-22 09:59:00,2026-03-22,U0103-041,feature_used,template_library
E001203,U0063,2026-03-22 10:07:00,2026-03-22,U0063-042,feature_used,template_library
E001204,U0063,2026-03-22 10:09:00,2026-03-22,U0063-042,feature_used,collaboration
E000273,U0013,2026-03-23 09:09:00,2026-03-23,U0013-062,session_started,
E000274,U0013,2026-03-23 09:11:00,2026-03-23,U0013-062,project_created,
E000275,U0013,2026-03-23 09:12:00,2026-03-23,U0013-062,lesson_started,
E001925,U0098,2026-03-23 09:16:00,2026-03-23,U0098-036,session_started,
E000276,U0013,2026-03-23 09:17:00,2026-03-23,U0013-062,lesson_completed,
E000973,U0053,2026-03-23 09:18:00,2026-03-23,U0053-060,session_started,
E001926,U0098,2026-03-23 09:19:00,2026-03-23,U0098-036,lesson_started,
E000064,U0004,2026-03-23 09:20:00,2026-03-23,U0004-074,session_started,
E000974,U0053,2026-03-23 09:21:00,2026-03-23,U0053-060,lesson_started,
E000065,U0004,2026-03-23 09:23:00,2026-03-23,U0004-074,lesson_started,
E001927,U0098,2026-03-23 09:24:00,2026-03-23,U0098-036,lesson_completed,
E000975,U0053,2026-03-23 09:26:00,2026-03-23,U0053-060,lesson_completed,
E001928,U0098,2026-03-23 09:28:00,2026-03-23,U0098-036,project_shared,
E001929,U0098,2026-03-23 09:31:00,2026-03-23,U0098-036,feature_used,template_library
E001730,U0089,2026-03-23 09:33:00,2026-03-23,U0089-032,session_started,
E000976,U0053,2026-03-23 09:34:00,2026-03-23,U0053-060,feature_used,progress_tracker
E000066,U0004,2026-03-23 09:36:00,2026-03-23,U0004-074,feature_used,progress_tracker
E001731,U0089,2026-03-23 09:36:00,2026-03-23,U0089-032,lesson_started,
E000067,U0004,2026-03-23 09:37:00,2026-03-23,U0004-074,feature_used,collaboration
E000320,U0016,2026-03-23 09:42:00,2026-03-23,U0016-039,session_started,
E000683,U0035,2026-03-23 09:44:00,2026-03-23,U0035-071,session_started,
E000321,U0016,2026-03-23 09:45:00,2026-03-23,U0016-039,lesson_started,
E001627,U0085,2026-03-23 09:46:00,2026-03-23,U0085-051,session_started,
E000684,U0035,2026-03-23 09:47:00,2026-03-23,U0035-071,lesson_started,
E001628,U0085,2026-03-23 09:49:00,2026-03-23,U0085-051,lesson_started,
E002181,U0111,2026-03-23 09:50:00,2026-03-23,U0111-066,session_started,
E000685,U0035,2026-03-23 09:52:00,2026-03-23,U0035-071,lesson_completed,
E001909,U0097,2026-03-23 09:53:00,2026-03-23,U0097-027,session_started,
E002182,U0111,2026-03-23 09:53:00,2026-03-23,U0111-066,lesson_started,
E001910,U0097,2026-03-23 09:56:00,2026-03-23,U0097-027,lesson_started,
E000363,U0018,2026-03-23 09:58:00,2026-03-23,U0018-027,session_started,
E001629,U0085,2026-03-23 09:58:00,2026-03-23,U0085-051,project_shared,
E000686,U0035,2026-03-23 09:59:00,2026-03-23,U0035-071,feature_used,template_library
E000687,U0035,2026-03-23 10:00:00,2026-03-23,U0035-071,feature_used,progress_tracker
E000364,U0018,2026-03-23 10:01:00,2026-03-23,U0018-027,lesson_started,
E001911,U0097,2026-03-23 10:01:00,2026-03-23,U0097-027,lesson_completed,
E000365,U0018,2026-03-23 10:06:00,2026-03-23,U0018-027,lesson_completed,
E002183,U0111,2026-03-23 10:07:00,2026-03-23,U0111-066,feature_used,collaboration
E001912,U0097,2026-03-23 10:08:00,2026-03-23,U0097-027,feature_used,template_library
E000598,U0030,2026-03-24 09:01:00,2026-03-24,U0030-075,session_started,
E000599,U0030,2026-03-24 09:04:00,2026-03-24,U0030-075,lesson_started,
E001511,U0080,2026-03-24 09:09:00,2026-03-24,U0080-056,session_started,
E001512,U0080,2026-03-24 09:12:00,2026-03-24,U0080-056,lesson_started,
E001221,U0064,2026-03-24 09:24:00,2026-03-24,U0064-056,session_started,
E001513,U0080,2026-03-24 09:24:00,2026-03-24,U0080-056,feature_used,template_library
E001222,U0064,2026-03-24 09:27:00,2026-03-24,U0064-056,lesson_started,
E001223,U0064,2026-03-24 09:32:00,2026-03-24,U0064-056,lesson_completed,
E002067,U0107,2026-03-24 09:32:00,2026-03-24,U0107-029,session_started,
E000994,U0055,2026-03-24 09:34:00,2026-03-24,U0055-069,session_started,
E002068,U0107,2026-03-24 09:35:00,2026-03-24,U0107-029,lesson_started,
E000995,U0055,2026-03-24 09:36:00,2026-03-24,U0055-069,project_created,
E000996,U0055,2026-03-24 09:37:00,2026-03-24,U0055-069,lesson_started,
E001945,U0099,2026-03-24 09:38:00,2026-03-24,U0099-035,session_started,
E001224,U0064,2026-03-24 09:40:00,2026-03-24,U0064-056,feature_used,progress_tracker
E002069,U0107,2026-03-24 09:40:00,2026-03-24,U0107-029,lesson_completed,
E002255,U0115,2026-03-24 09:40:00,2026-03-24,U0115-029,session_started,
E001225,U0064,2026-03-24 09:41:00,2026-03-24,U0064-056,feature_used,collaboration
E001946,U0099,2026-03-24 09:41:00,2026-03-24,U0099-035,lesson_started,
E000997,U0055,2026-03-24 09:42:00,2026-03-24,U0055-069,lesson_completed,
E002256,U0115,2026-03-24 09:43:00,2026-03-24,U0115-029,lesson_started,
E000478,U0024,2026-03-24 09:46:00,2026-03-24,U0024-040,session_started,
E000479,U0024,2026-03-24 09:49:00,2026-03-24,U0024-040,lesson_started,
E000366,U0018,2026-03-24 09:53:00,2026-03-24,U0018-028,session_started,
E001947,U0099,2026-03-24 09:54:00,2026-03-24,U0099-035,feature_used,progress_tracker
E000367,U0018,2026-03-24 09:56:00,2026-03-24,U0018-028,lesson_started,
E002206,U0112,2026-03-25 09:02:00,2026-03-25,U0112-059,session_started,
E002207,U0112,2026-03-25 09:05:00,2026-03-25,U0112-059,lesson_started,
E002208,U0112,2026-03-25 09:10:00,2026-03-25,U0112-059,lesson_completed,
E001244,U0065,2026-03-25 09:14:00,2026-03-25,U0065-067,session_started,
E001514,U0080,2026-03-25 09:16:00,2026-03-25,U0080-057,session_started,
E001245,U0065,2026-03-25 09:17:00,2026-03-25,U0065-067,lesson_started,
E001694,U0087,2026-03-25 09:17:00,2026-03-25,U0087-065,session_started,
E001162,U0062,2026-03-25 09:18:00,2026-03-25,U0062-032,session_started,
E001515,U0080,2026-03-25 09:19:00,2026-03-25,U0080-057,lesson_started,
E001695,U0087,2026-03-25 09:19:00,2026-03-25,U0087-065,project_created,
E002209,U0112,2026-03-25 09:19:00,2026-03-25,U0112-059,feature_used,collaboration
E001630,U0085,2026-03-25 09:20:00,2026-03-25,U0085-053,session_started,
E001696,U0087,2026-03-25 09:20:00,2026-03-25,U0087-065,lesson_started,
E001163,U0062,2026-03-25 09:21:00,2026-03-25,U0062-032,lesson_started,
E001631,U0085,2026-03-25 09:23:00,2026-03-25,U0085-053,lesson_started,
E001164,U0062,2026-03-25 09:26:00,2026-03-25,U0062-032,lesson_completed,
E000998,U0055,2026-03-25 09:28:00,2026-03-25,U0055-070,session_started,
E001632,U0085,2026-03-25 09:28:00,2026-03-25,U0085-053,lesson_completed,
E001246,U0065,2026-03-25 09:29:00,2026-03-25,U0065-067,feature_used,template_library
E001247,U0065,2026-03-25 09:30:00,2026-03-25,U0065-067,feature_used,progress_tracker
E000999,U0055,2026-03-25 09:31:00,2026-03-25,U0055-070,lesson_started,
E001516,U0080,2026-03-25 09:32:00,2026-03-25,U0080-057,feature_used,progress_tracker
E001697,U0087,2026-03-25 09:32:00,2026-03-25,U0087-065,feature_used,template_library
E001165,U0062,2026-03-25 09:33:00,2026-03-25,U0062-032,feature_used,template_library
E001166,U0062,2026-03-25 09:34:00,2026-03-25,U0062-032,feature_used,progress_tracker
E001000,U0055,2026-03-25 09:36:00,2026-03-25,U0055-070,lesson_completed,
E000821,U0044,2026-03-25 09:40:00,2026-03-25,U0044-059,session_started,
E000822,U0044,2026-03-25 09:43:00,2026-03-25,U0044-059,lesson_started,
E000823,U0044,2026-03-25 09:48:00,2026-03-25,U0044-059,lesson_completed,
E000824,U0044,2026-03-25 09:55:00,2026-03-25,U0044-059,feature_used,template_library
E000825,U0044,2026-03-25 09:56:00,2026-03-25,U0044-059,feature_used,progress_tracker
E001226,U0064,2026-03-26 09:00:00,2026-03-26,U0064-058,session_started,
E001457,U0078,2026-03-26 09:01:00,2026-03-26,U0078-043,session_started,
E001227,U0064,2026-03-26 09:03:00,2026-03-26,U0064-058,lesson_started,
E001458,U0078,2026-03-26 09:04:00,2026-03-26,U0078-043,lesson_started,
E001459,U0078,2026-03-26 09:09:00,2026-03-26,U0078-043,lesson_completed,
E002013,U0103,2026-03-26 09:10:00,2026-03-26,U0103-045,session_started,
E002014,U0103,2026-03-26 09:13:00,2026-03-26,U0103-045,lesson_started,
E002015,U0103,2026-03-26 09:18:00,2026-03-26,U0103-045,lesson_completed,
E002125,U0109,2026-03-26 09:18:00,2026-03-26,U0109-041,session_started,
E002126,U0109,2026-03-26 09:21:00,2026-03-26,U0109-041,lesson_started,
E002016,U0103,2026-03-26 09:25:00,2026-03-26,U0103-045,feature_used,template_library
E002017,U0103,2026-03-26 09:26:00,2026-03-26,U0103-045,feature_used,progress_tracker
E000200,U0009,2026-03-26 09:38:00,2026-03-26,U0009-033,session_started,
E000201,U0009,2026-03-26 09:41:00,2026-03-26,U0009-033,lesson_started,
E000399,U0019,2026-03-26 09:41:00,2026-03-26,U0019-064,session_started,
E000400,U0019,2026-03-26 09:44:00,2026-03-26,U0019-064,lesson_started,
E000202,U0009,2026-03-26 09:46:00,2026-03-26,U0009-033,lesson_completed,
E000401,U0019,2026-03-26 09:49:00,2026-03-26,U0019-064,lesson_completed,
E000203,U0009,2026-03-26 09:53:00,2026-03-26,U0009-033,feature_used,template_library
E000402,U0019,2026-03-26 09:56:00,2026-03-26,U0019-064,feature_used,template_library
E001973,U0101,2026-03-27 09:15:00,2026-03-27,U0101-030,session_started,
E001974,U0101,2026-03-27 09:18:00,2026-03-27,U0101-030,lesson_started,
E002127,U0109,2026-03-27 09:23:00,2026-03-27,U0109-042,session_started,
E002128,U0109,2026-03-27 09:26:00,2026-03-27,U0109-042,lesson_started,
E002129,U0109,2026-03-27 09:31:00,2026-03-27,U0109-042,lesson_completed,
E001874,U0095,2026-03-27 09:36:00,2026-03-27,U0095-057,session_started,
E001875,U0095,2026-03-27 09:39:00,2026-03-27,U0095-057,lesson_started,
E002130,U0109,2026-03-27 09:39:00,2026-03-27,U0109-042,feature_used,progress_tracker
E000851,U0046,2026-03-27 09:41:00,2026-03-27,U0046-065,session_started,
E000852,U0046,2026-03-27 09:44:00,2026-03-27,U0046-065,lesson_started,
E001876,U0095,2026-03-27 09:51:00,2026-03-27,U0095-057,feature_used,template_library
E001877,U0095,2026-03-27 09:52:00,2026-03-27,U0095-057,feature_used,progress_tracker
E000695,U0036,2026-03-27 09:53:00,2026-03-27,U0036-032,session_started,
E000696,U0036,2026-03-27 09:56:00,2026-03-27,U0036-032,lesson_started,
E001517,U0080,2026-03-27 09:59:00,2026-03-27,U0080-059,session_started,
E001518,U0080,2026-03-27 10:02:00,2026-03-27,U0080-059,lesson_started,
E001519,U0080,2026-03-27 10:14:00,2026-03-27,U0080-059,feature_used,template_library
E000926,U0051,2026-03-28 09:01:00,2026-03-28,U0051-054,session_started,
E000927,U0051,2026-03-28 09:04:00,2026-03-28,U0051-054,lesson_started,
E000928,U0051,2026-03-28 09:16:00,2026-03-28,U0051-054,feature_used,template_library
E000929,U0051,2026-03-28 09:17:00,2026-03-28,U0051-054,feature_used,progress_tracker
E002210,U0112,2026-03-28 09:26:00,2026-03-28,U0112-062,session_started,
E000977,U0053,2026-03-28 09:28:00,2026-03-28,U0053-065,session_started,
E002211,U0112,2026-03-28 09:29:00,2026-03-28,U0112-062,lesson_started,
E000978,U0053,2026-03-28 09:31:00,2026-03-28,U0053-065,lesson_started,
E000529,U0027,2026-03-28 09:41:00,2026-03-28,U0027-043,session_started,
E002212,U0112,2026-03-28 09:41:00,2026-03-28,U0112-062,feature_used,template_library
E002213,U0112,2026-03-28 09:42:00,2026-03-28,U0112-062,feature_used,progress_tracker
E000560,U0028,2026-03-28 09:43:00,2026-03-28,U0028-074,session_started,
E000530,U0027,2026-03-28 09:44:00,2026-03-28,U0027-043,lesson_started,
E000561,U0028,2026-03-28 09:45:00,2026-03-28,U0028-074,project_created,
E000562,U0028,2026-03-28 09:46:00,2026-03-28,U0028-074,lesson_started,
E002131,U0109,2026-03-28 09:46:00,2026-03-28,U0109-043,session_started,
E000531,U0027,2026-03-28 09:49:00,2026-03-28,U0027-043,lesson_completed,
E002132,U0109,2026-03-28 09:49:00,2026-03-28,U0109-043,lesson_started,
E001460,U0078,2026-03-28 09:51:00,2026-03-28,U0078-045,session_started,
E001964,U0100,2026-03-28 09:52:00,2026-03-28,U0100-046,session_started,
E001461,U0078,2026-03-28 09:54:00,2026-03-28,U0078-045,lesson_started,
E001965,U0100,2026-03-28 09:55:00,2026-03-28,U0100-046,lesson_started,
E000532,U0027,2026-03-28 09:56:00,2026-03-28,U0027-043,feature_used,template_library
E000563,U0028,2026-03-28 09:58:00,2026-03-28,U0028-074,feature_used,template_library
E001825,U0092,2026-03-28 09:58:00,2026-03-28,U0092-062,session_started,
E001462,U0078,2026-03-28 09:59:00,2026-03-28,U0078-045,lesson_completed,
E001826,U0092,2026-03-28 10:01:00,2026-03-28,U0092-062,lesson_started,
E002133,U0109,2026-03-28 10:02:00,2026-03-28,U0109-043,feature_used,progress_tracker
E001463,U0078,2026-03-28 10:06:00,2026-03-28,U0078-045,feature_used,template_library
E001464,U0078,2026-03-28 10:07:00,2026-03-28,U0078-045,feature_used,progress_tracker
E001966,U0100,2026-03-28 10:08:00,2026-03-28,U0100-046,feature_used,progress_tracker
E001827,U0092,2026-03-28 10:15:00,2026-03-28,U0092-062,feature_used,collaboration
E002134,U0109,2026-03-29 09:00:00,2026-03-29,U0109-044,session_started,
E002135,U0109,2026-03-29 09:03:00,2026-03-29,U0109-044,lesson_started,
E000951,U0052,2026-03-29 09:10:00,2026-03-29,U0052-073,session_started,
E001533,U0081,2026-03-29 09:12:00,2026-03-29,U0081-039,session_started,
E000952,U0052,2026-03-29 09:13:00,2026-03-29,U0052-073,lesson_started,
E001534,U0081,2026-03-29 09:15:00,2026-03-29,U0081-039,lesson_started,
E002136,U0109,2026-03-29 09:15:00,2026-03-29,U0109-044,feature_used,template_library
E001535,U0081,2026-03-29 09:20:00,2026-03-29,U0081-039,lesson_completed,
E001167,U0062,2026-03-29 09:21:00,2026-03-29,U0062-036,session_started,
E000953,U0052,2026-03-29 09:22:00,2026-03-29,U0052-073,project_shared,
E001168,U0062,2026-03-29 09:24:00,2026-03-29,U0062-036,lesson_started,
E000954,U0052,2026-03-29 09:26:00,2026-03-29,U0052-073,feature_used,progress_tracker
E001536,U0081,2026-03-29 09:27:00,2026-03-29,U0081-039,feature_used,template_library
E001537,U0081,2026-03-29 09:28:00,2026-03-29,U0081-039,feature_used,progress_tracker
E001169,U0062,2026-03-29 09:29:00,2026-03-29,U0062-036,lesson_completed,
E000930,U0051,2026-03-29 09:33:00,2026-03-29,U0051-055,session_started,
E000931,U0051,2026-03-29 09:36:00,2026-03-29,U0051-055,lesson_started,
E001170,U0062,2026-03-29 09:36:00,2026-03-29,U0062-036,feature_used,template_library
E000932,U0051,2026-03-29 09:48:00,2026-03-29,U0051-055,feature_used,template_library
E002036,U0105,2026-03-29 09:54:00,2026-03-29,U0105-031,session_started,
E002037,U0105,2026-03-29 09:57:00,2026-03-29,U0105-031,lesson_started,
